--
-- PostgreSQL database dump
--

-- Dumped from database version 15.6 (Homebrew)
-- Dumped by pg_dump version 16.1

SET statement_timeout = 0;
SET lock_timeout = 0;
SET idle_in_transaction_session_timeout = 0;
SET client_encoding = 'UTF8';
SET standard_conforming_strings = on;
SELECT pg_catalog.set_config('search_path', '', false);
SET check_function_bodies = false;
SET xmloption = content;
SET client_min_messages = warning;
SET row_security = off;

SET default_tablespace = '';

SET default_table_access_method = heap;

--
-- Name: account_emailaddress; Type: TABLE; Schema: public; Owner: goncalosousa
--

CREATE TABLE public.account_emailaddress (
    id integer NOT NULL,
    email character varying(254) NOT NULL,
    verified boolean NOT NULL,
    "primary" boolean NOT NULL,
    user_id bigint NOT NULL
);


ALTER TABLE public.account_emailaddress OWNER TO goncalosousa;

--
-- Name: account_emailaddress_id_seq; Type: SEQUENCE; Schema: public; Owner: goncalosousa
--

ALTER TABLE public.account_emailaddress ALTER COLUMN id ADD GENERATED BY DEFAULT AS IDENTITY (
    SEQUENCE NAME public.account_emailaddress_id_seq
    START WITH 1
    INCREMENT BY 1
    NO MINVALUE
    NO MAXVALUE
    CACHE 1
);


--
-- Name: account_emailconfirmation; Type: TABLE; Schema: public; Owner: goncalosousa
--

CREATE TABLE public.account_emailconfirmation (
    id integer NOT NULL,
    created timestamp with time zone NOT NULL,
    sent timestamp with time zone,
    key character varying(64) NOT NULL,
    email_address_id integer NOT NULL
);


ALTER TABLE public.account_emailconfirmation OWNER TO goncalosousa;

--
-- Name: account_emailconfirmation_id_seq; Type: SEQUENCE; Schema: public; Owner: goncalosousa
--

ALTER TABLE public.account_emailconfirmation ALTER COLUMN id ADD GENERATED BY DEFAULT AS IDENTITY (
    SEQUENCE NAME public.account_emailconfirmation_id_seq
    START WITH 1
    INCREMENT BY 1
    NO MINVALUE
    NO MAXVALUE
    CACHE 1
);


--
-- Name: auth_group; Type: TABLE; Schema: public; Owner: goncalosousa
--

CREATE TABLE public.auth_group (
    id integer NOT NULL,
    name character varying(150) NOT NULL
);


ALTER TABLE public.auth_group OWNER TO goncalosousa;

--
-- Name: auth_group_id_seq; Type: SEQUENCE; Schema: public; Owner: goncalosousa
--

ALTER TABLE public.auth_group ALTER COLUMN id ADD GENERATED BY DEFAULT AS IDENTITY (
    SEQUENCE NAME public.auth_group_id_seq
    START WITH 1
    INCREMENT BY 1
    NO MINVALUE
    NO MAXVALUE
    CACHE 1
);


--
-- Name: auth_group_permissions; Type: TABLE; Schema: public; Owner: goncalosousa
--

CREATE TABLE public.auth_group_permissions (
    id bigint NOT NULL,
    group_id integer NOT NULL,
    permission_id integer NOT NULL
);


ALTER TABLE public.auth_group_permissions OWNER TO goncalosousa;

--
-- Name: auth_group_permissions_id_seq; Type: SEQUENCE; Schema: public; Owner: goncalosousa
--

ALTER TABLE public.auth_group_permissions ALTER COLUMN id ADD GENERATED BY DEFAULT AS IDENTITY (
    SEQUENCE NAME public.auth_group_permissions_id_seq
    START WITH 1
    INCREMENT BY 1
    NO MINVALUE
    NO MAXVALUE
    CACHE 1
);


--
-- Name: auth_permission; Type: TABLE; Schema: public; Owner: goncalosousa
--

CREATE TABLE public.auth_permission (
    id integer NOT NULL,
    name character varying(255) NOT NULL,
    content_type_id integer NOT NULL,
    codename character varying(100) NOT NULL
);


ALTER TABLE public.auth_permission OWNER TO goncalosousa;

--
-- Name: auth_permission_id_seq; Type: SEQUENCE; Schema: public; Owner: goncalosousa
--

ALTER TABLE public.auth_permission ALTER COLUMN id ADD GENERATED BY DEFAULT AS IDENTITY (
    SEQUENCE NAME public.auth_permission_id_seq
    START WITH 1
    INCREMENT BY 1
    NO MINVALUE
    NO MAXVALUE
    CACHE 1
);


--
-- Name: courses_cursopage; Type: TABLE; Schema: public; Owner: goncalosousa
--

CREATE TABLE public.courses_cursopage (
    page_ptr_id integer NOT NULL,
    titulo character varying(100) NOT NULL,
    descricao text NOT NULL,
    curso_slug character varying(50) NOT NULL
);


ALTER TABLE public.courses_cursopage OWNER TO goncalosousa;

--
-- Name: courses_homepage; Type: TABLE; Schema: public; Owner: goncalosousa
--

CREATE TABLE public.courses_homepage (
    page_ptr_id integer NOT NULL,
    body text NOT NULL
);


ALTER TABLE public.courses_homepage OWNER TO goncalosousa;

--
-- Name: courses_sliders; Type: TABLE; Schema: public; Owner: goncalosousa
--

CREATE TABLE public.courses_sliders (
    id bigint NOT NULL,
    sort_order integer,
    title_slider character varying(100) NOT NULL,
    paragraph_slider text NOT NULL,
    image_slider_id integer,
    page_id integer NOT NULL
);


ALTER TABLE public.courses_sliders OWNER TO goncalosousa;

--
-- Name: courses_sliders_id_seq; Type: SEQUENCE; Schema: public; Owner: goncalosousa
--

ALTER TABLE public.courses_sliders ALTER COLUMN id ADD GENERATED BY DEFAULT AS IDENTITY (
    SEQUENCE NAME public.courses_sliders_id_seq
    START WITH 1
    INCREMENT BY 1
    NO MINVALUE
    NO MAXVALUE
    CACHE 1
);


--
-- Name: django_admin_log; Type: TABLE; Schema: public; Owner: goncalosousa
--

CREATE TABLE public.django_admin_log (
    id integer NOT NULL,
    action_time timestamp with time zone NOT NULL,
    object_id text,
    object_repr character varying(200) NOT NULL,
    action_flag smallint NOT NULL,
    change_message text NOT NULL,
    content_type_id integer,
    user_id bigint NOT NULL,
    CONSTRAINT django_admin_log_action_flag_check CHECK ((action_flag >= 0))
);


ALTER TABLE public.django_admin_log OWNER TO goncalosousa;

--
-- Name: django_admin_log_id_seq; Type: SEQUENCE; Schema: public; Owner: goncalosousa
--

ALTER TABLE public.django_admin_log ALTER COLUMN id ADD GENERATED BY DEFAULT AS IDENTITY (
    SEQUENCE NAME public.django_admin_log_id_seq
    START WITH 1
    INCREMENT BY 1
    NO MINVALUE
    NO MAXVALUE
    CACHE 1
);


--
-- Name: django_content_type; Type: TABLE; Schema: public; Owner: goncalosousa
--

CREATE TABLE public.django_content_type (
    id integer NOT NULL,
    app_label character varying(100) NOT NULL,
    model character varying(100) NOT NULL
);


ALTER TABLE public.django_content_type OWNER TO goncalosousa;

--
-- Name: django_content_type_id_seq; Type: SEQUENCE; Schema: public; Owner: goncalosousa
--

ALTER TABLE public.django_content_type ALTER COLUMN id ADD GENERATED BY DEFAULT AS IDENTITY (
    SEQUENCE NAME public.django_content_type_id_seq
    START WITH 1
    INCREMENT BY 1
    NO MINVALUE
    NO MAXVALUE
    CACHE 1
);


--
-- Name: django_migrations; Type: TABLE; Schema: public; Owner: goncalosousa
--

CREATE TABLE public.django_migrations (
    id bigint NOT NULL,
    app character varying(255) NOT NULL,
    name character varying(255) NOT NULL,
    applied timestamp with time zone NOT NULL
);


ALTER TABLE public.django_migrations OWNER TO goncalosousa;

--
-- Name: django_migrations_id_seq; Type: SEQUENCE; Schema: public; Owner: goncalosousa
--

ALTER TABLE public.django_migrations ALTER COLUMN id ADD GENERATED BY DEFAULT AS IDENTITY (
    SEQUENCE NAME public.django_migrations_id_seq
    START WITH 1
    INCREMENT BY 1
    NO MINVALUE
    NO MAXVALUE
    CACHE 1
);


--
-- Name: django_session; Type: TABLE; Schema: public; Owner: goncalosousa
--

CREATE TABLE public.django_session (
    session_key character varying(40) NOT NULL,
    session_data text NOT NULL,
    expire_date timestamp with time zone NOT NULL
);


ALTER TABLE public.django_session OWNER TO goncalosousa;

--
-- Name: django_site; Type: TABLE; Schema: public; Owner: goncalosousa
--

CREATE TABLE public.django_site (
    id integer NOT NULL,
    domain character varying(100) NOT NULL,
    name character varying(50) NOT NULL
);


ALTER TABLE public.django_site OWNER TO goncalosousa;

--
-- Name: django_site_id_seq; Type: SEQUENCE; Schema: public; Owner: goncalosousa
--

ALTER TABLE public.django_site ALTER COLUMN id ADD GENERATED BY DEFAULT AS IDENTITY (
    SEQUENCE NAME public.django_site_id_seq
    START WITH 1
    INCREMENT BY 1
    NO MINVALUE
    NO MAXVALUE
    CACHE 1
);


--
-- Name: socialaccount_socialaccount; Type: TABLE; Schema: public; Owner: goncalosousa
--

CREATE TABLE public.socialaccount_socialaccount (
    id integer NOT NULL,
    provider character varying(200) NOT NULL,
    uid character varying(191) NOT NULL,
    last_login timestamp with time zone NOT NULL,
    date_joined timestamp with time zone NOT NULL,
    extra_data jsonb NOT NULL,
    user_id bigint NOT NULL
);


ALTER TABLE public.socialaccount_socialaccount OWNER TO goncalosousa;

--
-- Name: socialaccount_socialaccount_id_seq; Type: SEQUENCE; Schema: public; Owner: goncalosousa
--

ALTER TABLE public.socialaccount_socialaccount ALTER COLUMN id ADD GENERATED BY DEFAULT AS IDENTITY (
    SEQUENCE NAME public.socialaccount_socialaccount_id_seq
    START WITH 1
    INCREMENT BY 1
    NO MINVALUE
    NO MAXVALUE
    CACHE 1
);


--
-- Name: socialaccount_socialapp; Type: TABLE; Schema: public; Owner: goncalosousa
--

CREATE TABLE public.socialaccount_socialapp (
    id integer NOT NULL,
    provider character varying(30) NOT NULL,
    name character varying(40) NOT NULL,
    client_id character varying(191) NOT NULL,
    secret character varying(191) NOT NULL,
    key character varying(191) NOT NULL,
    provider_id character varying(200) NOT NULL,
    settings jsonb NOT NULL
);


ALTER TABLE public.socialaccount_socialapp OWNER TO goncalosousa;

--
-- Name: socialaccount_socialapp_id_seq; Type: SEQUENCE; Schema: public; Owner: goncalosousa
--

ALTER TABLE public.socialaccount_socialapp ALTER COLUMN id ADD GENERATED BY DEFAULT AS IDENTITY (
    SEQUENCE NAME public.socialaccount_socialapp_id_seq
    START WITH 1
    INCREMENT BY 1
    NO MINVALUE
    NO MAXVALUE
    CACHE 1
);


--
-- Name: socialaccount_socialapp_sites; Type: TABLE; Schema: public; Owner: goncalosousa
--

CREATE TABLE public.socialaccount_socialapp_sites (
    id bigint NOT NULL,
    socialapp_id integer NOT NULL,
    site_id integer NOT NULL
);


ALTER TABLE public.socialaccount_socialapp_sites OWNER TO goncalosousa;

--
-- Name: socialaccount_socialapp_sites_id_seq; Type: SEQUENCE; Schema: public; Owner: goncalosousa
--

ALTER TABLE public.socialaccount_socialapp_sites ALTER COLUMN id ADD GENERATED BY DEFAULT AS IDENTITY (
    SEQUENCE NAME public.socialaccount_socialapp_sites_id_seq
    START WITH 1
    INCREMENT BY 1
    NO MINVALUE
    NO MAXVALUE
    CACHE 1
);


--
-- Name: socialaccount_socialtoken; Type: TABLE; Schema: public; Owner: goncalosousa
--

CREATE TABLE public.socialaccount_socialtoken (
    id integer NOT NULL,
    token text NOT NULL,
    token_secret text NOT NULL,
    expires_at timestamp with time zone,
    account_id integer NOT NULL,
    app_id integer
);


ALTER TABLE public.socialaccount_socialtoken OWNER TO goncalosousa;

--
-- Name: socialaccount_socialtoken_id_seq; Type: SEQUENCE; Schema: public; Owner: goncalosousa
--

ALTER TABLE public.socialaccount_socialtoken ALTER COLUMN id ADD GENERATED BY DEFAULT AS IDENTITY (
    SEQUENCE NAME public.socialaccount_socialtoken_id_seq
    START WITH 1
    INCREMENT BY 1
    NO MINVALUE
    NO MAXVALUE
    CACHE 1
);


--
-- Name: taggit_tag; Type: TABLE; Schema: public; Owner: goncalosousa
--

CREATE TABLE public.taggit_tag (
    id integer NOT NULL,
    name character varying(100) NOT NULL,
    slug character varying(100) NOT NULL
);


ALTER TABLE public.taggit_tag OWNER TO goncalosousa;

--
-- Name: taggit_tag_id_seq; Type: SEQUENCE; Schema: public; Owner: goncalosousa
--

ALTER TABLE public.taggit_tag ALTER COLUMN id ADD GENERATED BY DEFAULT AS IDENTITY (
    SEQUENCE NAME public.taggit_tag_id_seq
    START WITH 1
    INCREMENT BY 1
    NO MINVALUE
    NO MAXVALUE
    CACHE 1
);


--
-- Name: taggit_taggeditem; Type: TABLE; Schema: public; Owner: goncalosousa
--

CREATE TABLE public.taggit_taggeditem (
    id integer NOT NULL,
    object_id integer NOT NULL,
    content_type_id integer NOT NULL,
    tag_id integer NOT NULL
);


ALTER TABLE public.taggit_taggeditem OWNER TO goncalosousa;

--
-- Name: taggit_taggeditem_id_seq; Type: SEQUENCE; Schema: public; Owner: goncalosousa
--

ALTER TABLE public.taggit_taggeditem ALTER COLUMN id ADD GENERATED BY DEFAULT AS IDENTITY (
    SEQUENCE NAME public.taggit_taggeditem_id_seq
    START WITH 1
    INCREMENT BY 1
    NO MINVALUE
    NO MAXVALUE
    CACHE 1
);


--
-- Name: users_user; Type: TABLE; Schema: public; Owner: goncalosousa
--

CREATE TABLE public.users_user (
    id bigint NOT NULL,
    password character varying(128) NOT NULL,
    last_login timestamp with time zone,
    is_superuser boolean NOT NULL,
    username character varying(150) NOT NULL,
    email character varying(254) NOT NULL,
    is_staff boolean NOT NULL,
    is_active boolean NOT NULL,
    date_joined timestamp with time zone NOT NULL,
    name character varying(255) NOT NULL
);


ALTER TABLE public.users_user OWNER TO goncalosousa;

--
-- Name: users_user_groups; Type: TABLE; Schema: public; Owner: goncalosousa
--

CREATE TABLE public.users_user_groups (
    id bigint NOT NULL,
    user_id bigint NOT NULL,
    group_id integer NOT NULL
);


ALTER TABLE public.users_user_groups OWNER TO goncalosousa;

--
-- Name: users_user_groups_id_seq; Type: SEQUENCE; Schema: public; Owner: goncalosousa
--

ALTER TABLE public.users_user_groups ALTER COLUMN id ADD GENERATED BY DEFAULT AS IDENTITY (
    SEQUENCE NAME public.users_user_groups_id_seq
    START WITH 1
    INCREMENT BY 1
    NO MINVALUE
    NO MAXVALUE
    CACHE 1
);


--
-- Name: users_user_id_seq; Type: SEQUENCE; Schema: public; Owner: goncalosousa
--

ALTER TABLE public.users_user ALTER COLUMN id ADD GENERATED BY DEFAULT AS IDENTITY (
    SEQUENCE NAME public.users_user_id_seq
    START WITH 1
    INCREMENT BY 1
    NO MINVALUE
    NO MAXVALUE
    CACHE 1
);


--
-- Name: users_user_user_permissions; Type: TABLE; Schema: public; Owner: goncalosousa
--

CREATE TABLE public.users_user_user_permissions (
    id bigint NOT NULL,
    user_id bigint NOT NULL,
    permission_id integer NOT NULL
);


ALTER TABLE public.users_user_user_permissions OWNER TO goncalosousa;

--
-- Name: users_user_user_permissions_id_seq; Type: SEQUENCE; Schema: public; Owner: goncalosousa
--

ALTER TABLE public.users_user_user_permissions ALTER COLUMN id ADD GENERATED BY DEFAULT AS IDENTITY (
    SEQUENCE NAME public.users_user_user_permissions_id_seq
    START WITH 1
    INCREMENT BY 1
    NO MINVALUE
    NO MAXVALUE
    CACHE 1
);


--
-- Name: wagtailadmin_admin; Type: TABLE; Schema: public; Owner: goncalosousa
--

CREATE TABLE public.wagtailadmin_admin (
    id integer NOT NULL
);


ALTER TABLE public.wagtailadmin_admin OWNER TO goncalosousa;

--
-- Name: wagtailadmin_admin_id_seq; Type: SEQUENCE; Schema: public; Owner: goncalosousa
--

ALTER TABLE public.wagtailadmin_admin ALTER COLUMN id ADD GENERATED BY DEFAULT AS IDENTITY (
    SEQUENCE NAME public.wagtailadmin_admin_id_seq
    START WITH 1
    INCREMENT BY 1
    NO MINVALUE
    NO MAXVALUE
    CACHE 1
);


--
-- Name: wagtailcore_collection; Type: TABLE; Schema: public; Owner: goncalosousa
--

CREATE TABLE public.wagtailcore_collection (
    id integer NOT NULL,
    path character varying(255) NOT NULL COLLATE pg_catalog."C",
    depth integer NOT NULL,
    numchild integer NOT NULL,
    name character varying(255) NOT NULL,
    CONSTRAINT wagtailcore_collection_depth_check CHECK ((depth >= 0)),
    CONSTRAINT wagtailcore_collection_numchild_check CHECK ((numchild >= 0))
);


ALTER TABLE public.wagtailcore_collection OWNER TO goncalosousa;

--
-- Name: wagtailcore_collection_id_seq; Type: SEQUENCE; Schema: public; Owner: goncalosousa
--

ALTER TABLE public.wagtailcore_collection ALTER COLUMN id ADD GENERATED BY DEFAULT AS IDENTITY (
    SEQUENCE NAME public.wagtailcore_collection_id_seq
    START WITH 1
    INCREMENT BY 1
    NO MINVALUE
    NO MAXVALUE
    CACHE 1
);


--
-- Name: wagtailcore_collectionviewrestriction; Type: TABLE; Schema: public; Owner: goncalosousa
--

CREATE TABLE public.wagtailcore_collectionviewrestriction (
    id integer NOT NULL,
    restriction_type character varying(20) NOT NULL,
    password character varying(255) NOT NULL,
    collection_id integer NOT NULL
);


ALTER TABLE public.wagtailcore_collectionviewrestriction OWNER TO goncalosousa;

--
-- Name: wagtailcore_collectionviewrestriction_groups; Type: TABLE; Schema: public; Owner: goncalosousa
--

CREATE TABLE public.wagtailcore_collectionviewrestriction_groups (
    id bigint NOT NULL,
    collectionviewrestriction_id integer NOT NULL,
    group_id integer NOT NULL
);


ALTER TABLE public.wagtailcore_collectionviewrestriction_groups OWNER TO goncalosousa;

--
-- Name: wagtailcore_collectionviewrestriction_groups_id_seq; Type: SEQUENCE; Schema: public; Owner: goncalosousa
--

ALTER TABLE public.wagtailcore_collectionviewrestriction_groups ALTER COLUMN id ADD GENERATED BY DEFAULT AS IDENTITY (
    SEQUENCE NAME public.wagtailcore_collectionviewrestriction_groups_id_seq
    START WITH 1
    INCREMENT BY 1
    NO MINVALUE
    NO MAXVALUE
    CACHE 1
);


--
-- Name: wagtailcore_collectionviewrestriction_id_seq; Type: SEQUENCE; Schema: public; Owner: goncalosousa
--

ALTER TABLE public.wagtailcore_collectionviewrestriction ALTER COLUMN id ADD GENERATED BY DEFAULT AS IDENTITY (
    SEQUENCE NAME public.wagtailcore_collectionviewrestriction_id_seq
    START WITH 1
    INCREMENT BY 1
    NO MINVALUE
    NO MAXVALUE
    CACHE 1
);


--
-- Name: wagtailcore_comment; Type: TABLE; Schema: public; Owner: goncalosousa
--

CREATE TABLE public.wagtailcore_comment (
    id integer NOT NULL,
    text text NOT NULL,
    contentpath text NOT NULL,
    "position" text NOT NULL,
    created_at timestamp with time zone NOT NULL,
    updated_at timestamp with time zone NOT NULL,
    resolved_at timestamp with time zone,
    page_id integer NOT NULL,
    resolved_by_id bigint,
    revision_created_id integer,
    user_id bigint NOT NULL
);


ALTER TABLE public.wagtailcore_comment OWNER TO goncalosousa;

--
-- Name: wagtailcore_comment_id_seq; Type: SEQUENCE; Schema: public; Owner: goncalosousa
--

ALTER TABLE public.wagtailcore_comment ALTER COLUMN id ADD GENERATED BY DEFAULT AS IDENTITY (
    SEQUENCE NAME public.wagtailcore_comment_id_seq
    START WITH 1
    INCREMENT BY 1
    NO MINVALUE
    NO MAXVALUE
    CACHE 1
);


--
-- Name: wagtailcore_commentreply; Type: TABLE; Schema: public; Owner: goncalosousa
--

CREATE TABLE public.wagtailcore_commentreply (
    id integer NOT NULL,
    text text NOT NULL,
    created_at timestamp with time zone NOT NULL,
    updated_at timestamp with time zone NOT NULL,
    comment_id integer NOT NULL,
    user_id bigint NOT NULL
);


ALTER TABLE public.wagtailcore_commentreply OWNER TO goncalosousa;

--
-- Name: wagtailcore_commentreply_id_seq; Type: SEQUENCE; Schema: public; Owner: goncalosousa
--

ALTER TABLE public.wagtailcore_commentreply ALTER COLUMN id ADD GENERATED BY DEFAULT AS IDENTITY (
    SEQUENCE NAME public.wagtailcore_commentreply_id_seq
    START WITH 1
    INCREMENT BY 1
    NO MINVALUE
    NO MAXVALUE
    CACHE 1
);


--
-- Name: wagtailcore_groupapprovaltask; Type: TABLE; Schema: public; Owner: goncalosousa
--

CREATE TABLE public.wagtailcore_groupapprovaltask (
    task_ptr_id integer NOT NULL
);


ALTER TABLE public.wagtailcore_groupapprovaltask OWNER TO goncalosousa;

--
-- Name: wagtailcore_groupapprovaltask_groups; Type: TABLE; Schema: public; Owner: goncalosousa
--

CREATE TABLE public.wagtailcore_groupapprovaltask_groups (
    id bigint NOT NULL,
    groupapprovaltask_id integer NOT NULL,
    group_id integer NOT NULL
);


ALTER TABLE public.wagtailcore_groupapprovaltask_groups OWNER TO goncalosousa;

--
-- Name: wagtailcore_groupapprovaltask_groups_id_seq; Type: SEQUENCE; Schema: public; Owner: goncalosousa
--

ALTER TABLE public.wagtailcore_groupapprovaltask_groups ALTER COLUMN id ADD GENERATED BY DEFAULT AS IDENTITY (
    SEQUENCE NAME public.wagtailcore_groupapprovaltask_groups_id_seq
    START WITH 1
    INCREMENT BY 1
    NO MINVALUE
    NO MAXVALUE
    CACHE 1
);


--
-- Name: wagtailcore_groupcollectionpermission; Type: TABLE; Schema: public; Owner: goncalosousa
--

CREATE TABLE public.wagtailcore_groupcollectionpermission (
    id integer NOT NULL,
    collection_id integer NOT NULL,
    group_id integer NOT NULL,
    permission_id integer NOT NULL
);


ALTER TABLE public.wagtailcore_groupcollectionpermission OWNER TO goncalosousa;

--
-- Name: wagtailcore_groupcollectionpermission_id_seq; Type: SEQUENCE; Schema: public; Owner: goncalosousa
--

ALTER TABLE public.wagtailcore_groupcollectionpermission ALTER COLUMN id ADD GENERATED BY DEFAULT AS IDENTITY (
    SEQUENCE NAME public.wagtailcore_groupcollectionpermission_id_seq
    START WITH 1
    INCREMENT BY 1
    NO MINVALUE
    NO MAXVALUE
    CACHE 1
);


--
-- Name: wagtailcore_grouppagepermission; Type: TABLE; Schema: public; Owner: goncalosousa
--

CREATE TABLE public.wagtailcore_grouppagepermission (
    id integer NOT NULL,
    permission_type character varying(20),
    group_id integer NOT NULL,
    page_id integer NOT NULL,
    permission_id integer,
    CONSTRAINT permission_or_permission_type_not_null CHECK (((permission_id IS NOT NULL) OR (permission_type IS NOT NULL)))
);


ALTER TABLE public.wagtailcore_grouppagepermission OWNER TO goncalosousa;

--
-- Name: wagtailcore_grouppagepermission_id_seq; Type: SEQUENCE; Schema: public; Owner: goncalosousa
--

ALTER TABLE public.wagtailcore_grouppagepermission ALTER COLUMN id ADD GENERATED BY DEFAULT AS IDENTITY (
    SEQUENCE NAME public.wagtailcore_grouppagepermission_id_seq
    START WITH 1
    INCREMENT BY 1
    NO MINVALUE
    NO MAXVALUE
    CACHE 1
);


--
-- Name: wagtailcore_locale; Type: TABLE; Schema: public; Owner: goncalosousa
--

CREATE TABLE public.wagtailcore_locale (
    id integer NOT NULL,
    language_code character varying(100) NOT NULL
);


ALTER TABLE public.wagtailcore_locale OWNER TO goncalosousa;

--
-- Name: wagtailcore_locale_id_seq; Type: SEQUENCE; Schema: public; Owner: goncalosousa
--

ALTER TABLE public.wagtailcore_locale ALTER COLUMN id ADD GENERATED BY DEFAULT AS IDENTITY (
    SEQUENCE NAME public.wagtailcore_locale_id_seq
    START WITH 1
    INCREMENT BY 1
    NO MINVALUE
    NO MAXVALUE
    CACHE 1
);


--
-- Name: wagtailcore_modellogentry; Type: TABLE; Schema: public; Owner: goncalosousa
--

CREATE TABLE public.wagtailcore_modellogentry (
    id integer NOT NULL,
    label text NOT NULL,
    action character varying(255) NOT NULL,
    data jsonb NOT NULL,
    "timestamp" timestamp with time zone NOT NULL,
    content_changed boolean NOT NULL,
    deleted boolean NOT NULL,
    object_id character varying(255) NOT NULL,
    content_type_id integer,
    user_id bigint,
    uuid uuid,
    revision_id integer
);


ALTER TABLE public.wagtailcore_modellogentry OWNER TO goncalosousa;

--
-- Name: wagtailcore_modellogentry_id_seq; Type: SEQUENCE; Schema: public; Owner: goncalosousa
--

ALTER TABLE public.wagtailcore_modellogentry ALTER COLUMN id ADD GENERATED BY DEFAULT AS IDENTITY (
    SEQUENCE NAME public.wagtailcore_modellogentry_id_seq
    START WITH 1
    INCREMENT BY 1
    NO MINVALUE
    NO MAXVALUE
    CACHE 1
);


--
-- Name: wagtailcore_page; Type: TABLE; Schema: public; Owner: goncalosousa
--

CREATE TABLE public.wagtailcore_page (
    id integer NOT NULL,
    path character varying(255) NOT NULL COLLATE pg_catalog."C",
    depth integer NOT NULL,
    numchild integer NOT NULL,
    title character varying(255) NOT NULL,
    slug character varying(255) NOT NULL,
    live boolean NOT NULL,
    has_unpublished_changes boolean NOT NULL,
    url_path text NOT NULL,
    seo_title character varying(255) NOT NULL,
    show_in_menus boolean NOT NULL,
    search_description text NOT NULL,
    go_live_at timestamp with time zone,
    expire_at timestamp with time zone,
    expired boolean NOT NULL,
    content_type_id integer NOT NULL,
    owner_id bigint,
    locked boolean NOT NULL,
    latest_revision_created_at timestamp with time zone,
    first_published_at timestamp with time zone,
    live_revision_id integer,
    last_published_at timestamp with time zone,
    draft_title character varying(255) NOT NULL,
    locked_at timestamp with time zone,
    locked_by_id bigint,
    translation_key uuid NOT NULL,
    locale_id integer NOT NULL,
    alias_of_id integer,
    latest_revision_id integer,
    CONSTRAINT wagtailcore_page_depth_check CHECK ((depth >= 0)),
    CONSTRAINT wagtailcore_page_numchild_check CHECK ((numchild >= 0))
);


ALTER TABLE public.wagtailcore_page OWNER TO goncalosousa;

--
-- Name: wagtailcore_page_id_seq; Type: SEQUENCE; Schema: public; Owner: goncalosousa
--

ALTER TABLE public.wagtailcore_page ALTER COLUMN id ADD GENERATED BY DEFAULT AS IDENTITY (
    SEQUENCE NAME public.wagtailcore_page_id_seq
    START WITH 1
    INCREMENT BY 1
    NO MINVALUE
    NO MAXVALUE
    CACHE 1
);


--
-- Name: wagtailcore_pagelogentry; Type: TABLE; Schema: public; Owner: goncalosousa
--

CREATE TABLE public.wagtailcore_pagelogentry (
    id integer NOT NULL,
    label text NOT NULL,
    action character varying(255) NOT NULL,
    data jsonb NOT NULL,
    "timestamp" timestamp with time zone NOT NULL,
    content_changed boolean NOT NULL,
    deleted boolean NOT NULL,
    content_type_id integer,
    page_id integer NOT NULL,
    revision_id integer,
    user_id bigint,
    uuid uuid
);


ALTER TABLE public.wagtailcore_pagelogentry OWNER TO goncalosousa;

--
-- Name: wagtailcore_pagelogentry_id_seq; Type: SEQUENCE; Schema: public; Owner: goncalosousa
--

ALTER TABLE public.wagtailcore_pagelogentry ALTER COLUMN id ADD GENERATED BY DEFAULT AS IDENTITY (
    SEQUENCE NAME public.wagtailcore_pagelogentry_id_seq
    START WITH 1
    INCREMENT BY 1
    NO MINVALUE
    NO MAXVALUE
    CACHE 1
);


--
-- Name: wagtailcore_revision; Type: TABLE; Schema: public; Owner: goncalosousa
--

CREATE TABLE public.wagtailcore_revision (
    id integer NOT NULL,
    submitted_for_moderation boolean NOT NULL,
    created_at timestamp with time zone NOT NULL,
    content jsonb NOT NULL,
    approved_go_live_at timestamp with time zone,
    object_id character varying(255) NOT NULL,
    user_id bigint,
    content_type_id integer NOT NULL,
    base_content_type_id integer NOT NULL,
    object_str text NOT NULL
);


ALTER TABLE public.wagtailcore_revision OWNER TO goncalosousa;

--
-- Name: wagtailcore_pagerevision_id_seq; Type: SEQUENCE; Schema: public; Owner: goncalosousa
--

ALTER TABLE public.wagtailcore_revision ALTER COLUMN id ADD GENERATED BY DEFAULT AS IDENTITY (
    SEQUENCE NAME public.wagtailcore_pagerevision_id_seq
    START WITH 1
    INCREMENT BY 1
    NO MINVALUE
    NO MAXVALUE
    CACHE 1
);


--
-- Name: wagtailcore_pagesubscription; Type: TABLE; Schema: public; Owner: goncalosousa
--

CREATE TABLE public.wagtailcore_pagesubscription (
    id integer NOT NULL,
    comment_notifications boolean NOT NULL,
    page_id integer NOT NULL,
    user_id bigint NOT NULL
);


ALTER TABLE public.wagtailcore_pagesubscription OWNER TO goncalosousa;

--
-- Name: wagtailcore_pagesubscription_id_seq; Type: SEQUENCE; Schema: public; Owner: goncalosousa
--

ALTER TABLE public.wagtailcore_pagesubscription ALTER COLUMN id ADD GENERATED BY DEFAULT AS IDENTITY (
    SEQUENCE NAME public.wagtailcore_pagesubscription_id_seq
    START WITH 1
    INCREMENT BY 1
    NO MINVALUE
    NO MAXVALUE
    CACHE 1
);


--
-- Name: wagtailcore_pageviewrestriction; Type: TABLE; Schema: public; Owner: goncalosousa
--

CREATE TABLE public.wagtailcore_pageviewrestriction (
    id integer NOT NULL,
    password character varying(255) NOT NULL,
    page_id integer NOT NULL,
    restriction_type character varying(20) NOT NULL
);


ALTER TABLE public.wagtailcore_pageviewrestriction OWNER TO goncalosousa;

--
-- Name: wagtailcore_pageviewrestriction_groups; Type: TABLE; Schema: public; Owner: goncalosousa
--

CREATE TABLE public.wagtailcore_pageviewrestriction_groups (
    id bigint NOT NULL,
    pageviewrestriction_id integer NOT NULL,
    group_id integer NOT NULL
);


ALTER TABLE public.wagtailcore_pageviewrestriction_groups OWNER TO goncalosousa;

--
-- Name: wagtailcore_pageviewrestriction_groups_id_seq; Type: SEQUENCE; Schema: public; Owner: goncalosousa
--

ALTER TABLE public.wagtailcore_pageviewrestriction_groups ALTER COLUMN id ADD GENERATED BY DEFAULT AS IDENTITY (
    SEQUENCE NAME public.wagtailcore_pageviewrestriction_groups_id_seq
    START WITH 1
    INCREMENT BY 1
    NO MINVALUE
    NO MAXVALUE
    CACHE 1
);


--
-- Name: wagtailcore_pageviewrestriction_id_seq; Type: SEQUENCE; Schema: public; Owner: goncalosousa
--

ALTER TABLE public.wagtailcore_pageviewrestriction ALTER COLUMN id ADD GENERATED BY DEFAULT AS IDENTITY (
    SEQUENCE NAME public.wagtailcore_pageviewrestriction_id_seq
    START WITH 1
    INCREMENT BY 1
    NO MINVALUE
    NO MAXVALUE
    CACHE 1
);


--
-- Name: wagtailcore_referenceindex; Type: TABLE; Schema: public; Owner: goncalosousa
--

CREATE TABLE public.wagtailcore_referenceindex (
    id integer NOT NULL,
    object_id character varying(255) NOT NULL,
    to_object_id character varying(255) NOT NULL,
    model_path text NOT NULL,
    content_path text NOT NULL,
    content_path_hash uuid NOT NULL,
    base_content_type_id integer NOT NULL,
    content_type_id integer NOT NULL,
    to_content_type_id integer NOT NULL
);


ALTER TABLE public.wagtailcore_referenceindex OWNER TO goncalosousa;

--
-- Name: wagtailcore_referenceindex_id_seq; Type: SEQUENCE; Schema: public; Owner: goncalosousa
--

ALTER TABLE public.wagtailcore_referenceindex ALTER COLUMN id ADD GENERATED BY DEFAULT AS IDENTITY (
    SEQUENCE NAME public.wagtailcore_referenceindex_id_seq
    START WITH 1
    INCREMENT BY 1
    NO MINVALUE
    NO MAXVALUE
    CACHE 1
);


--
-- Name: wagtailcore_site; Type: TABLE; Schema: public; Owner: goncalosousa
--

CREATE TABLE public.wagtailcore_site (
    id integer NOT NULL,
    hostname character varying(255) NOT NULL,
    port integer NOT NULL,
    is_default_site boolean NOT NULL,
    root_page_id integer NOT NULL,
    site_name character varying(255) NOT NULL
);


ALTER TABLE public.wagtailcore_site OWNER TO goncalosousa;

--
-- Name: wagtailcore_site_id_seq; Type: SEQUENCE; Schema: public; Owner: goncalosousa
--

ALTER TABLE public.wagtailcore_site ALTER COLUMN id ADD GENERATED BY DEFAULT AS IDENTITY (
    SEQUENCE NAME public.wagtailcore_site_id_seq
    START WITH 1
    INCREMENT BY 1
    NO MINVALUE
    NO MAXVALUE
    CACHE 1
);


--
-- Name: wagtailcore_task; Type: TABLE; Schema: public; Owner: goncalosousa
--

CREATE TABLE public.wagtailcore_task (
    id integer NOT NULL,
    name character varying(255) NOT NULL,
    active boolean NOT NULL,
    content_type_id integer NOT NULL
);


ALTER TABLE public.wagtailcore_task OWNER TO goncalosousa;

--
-- Name: wagtailcore_task_id_seq; Type: SEQUENCE; Schema: public; Owner: goncalosousa
--

ALTER TABLE public.wagtailcore_task ALTER COLUMN id ADD GENERATED BY DEFAULT AS IDENTITY (
    SEQUENCE NAME public.wagtailcore_task_id_seq
    START WITH 1
    INCREMENT BY 1
    NO MINVALUE
    NO MAXVALUE
    CACHE 1
);


--
-- Name: wagtailcore_taskstate; Type: TABLE; Schema: public; Owner: goncalosousa
--

CREATE TABLE public.wagtailcore_taskstate (
    id integer NOT NULL,
    status character varying(50) NOT NULL,
    started_at timestamp with time zone NOT NULL,
    finished_at timestamp with time zone,
    content_type_id integer NOT NULL,
    revision_id integer NOT NULL,
    task_id integer NOT NULL,
    workflow_state_id integer NOT NULL,
    finished_by_id bigint,
    comment text NOT NULL
);


ALTER TABLE public.wagtailcore_taskstate OWNER TO goncalosousa;

--
-- Name: wagtailcore_taskstate_id_seq; Type: SEQUENCE; Schema: public; Owner: goncalosousa
--

ALTER TABLE public.wagtailcore_taskstate ALTER COLUMN id ADD GENERATED BY DEFAULT AS IDENTITY (
    SEQUENCE NAME public.wagtailcore_taskstate_id_seq
    START WITH 1
    INCREMENT BY 1
    NO MINVALUE
    NO MAXVALUE
    CACHE 1
);


--
-- Name: wagtailcore_workflow; Type: TABLE; Schema: public; Owner: goncalosousa
--

CREATE TABLE public.wagtailcore_workflow (
    id integer NOT NULL,
    name character varying(255) NOT NULL,
    active boolean NOT NULL
);


ALTER TABLE public.wagtailcore_workflow OWNER TO goncalosousa;

--
-- Name: wagtailcore_workflow_id_seq; Type: SEQUENCE; Schema: public; Owner: goncalosousa
--

ALTER TABLE public.wagtailcore_workflow ALTER COLUMN id ADD GENERATED BY DEFAULT AS IDENTITY (
    SEQUENCE NAME public.wagtailcore_workflow_id_seq
    START WITH 1
    INCREMENT BY 1
    NO MINVALUE
    NO MAXVALUE
    CACHE 1
);


--
-- Name: wagtailcore_workflowcontenttype; Type: TABLE; Schema: public; Owner: goncalosousa
--

CREATE TABLE public.wagtailcore_workflowcontenttype (
    content_type_id integer NOT NULL,
    workflow_id integer NOT NULL
);


ALTER TABLE public.wagtailcore_workflowcontenttype OWNER TO goncalosousa;

--
-- Name: wagtailcore_workflowpage; Type: TABLE; Schema: public; Owner: goncalosousa
--

CREATE TABLE public.wagtailcore_workflowpage (
    page_id integer NOT NULL,
    workflow_id integer NOT NULL
);


ALTER TABLE public.wagtailcore_workflowpage OWNER TO goncalosousa;

--
-- Name: wagtailcore_workflowstate; Type: TABLE; Schema: public; Owner: goncalosousa
--

CREATE TABLE public.wagtailcore_workflowstate (
    id integer NOT NULL,
    status character varying(50) NOT NULL,
    created_at timestamp with time zone NOT NULL,
    current_task_state_id integer,
    object_id character varying(255) NOT NULL,
    requested_by_id bigint,
    workflow_id integer NOT NULL,
    content_type_id integer NOT NULL,
    base_content_type_id integer NOT NULL
);


ALTER TABLE public.wagtailcore_workflowstate OWNER TO goncalosousa;

--
-- Name: wagtailcore_workflowstate_id_seq; Type: SEQUENCE; Schema: public; Owner: goncalosousa
--

ALTER TABLE public.wagtailcore_workflowstate ALTER COLUMN id ADD GENERATED BY DEFAULT AS IDENTITY (
    SEQUENCE NAME public.wagtailcore_workflowstate_id_seq
    START WITH 1
    INCREMENT BY 1
    NO MINVALUE
    NO MAXVALUE
    CACHE 1
);


--
-- Name: wagtailcore_workflowtask; Type: TABLE; Schema: public; Owner: goncalosousa
--

CREATE TABLE public.wagtailcore_workflowtask (
    id integer NOT NULL,
    sort_order integer,
    task_id integer NOT NULL,
    workflow_id integer NOT NULL
);


ALTER TABLE public.wagtailcore_workflowtask OWNER TO goncalosousa;

--
-- Name: wagtailcore_workflowtask_id_seq; Type: SEQUENCE; Schema: public; Owner: goncalosousa
--

ALTER TABLE public.wagtailcore_workflowtask ALTER COLUMN id ADD GENERATED BY DEFAULT AS IDENTITY (
    SEQUENCE NAME public.wagtailcore_workflowtask_id_seq
    START WITH 1
    INCREMENT BY 1
    NO MINVALUE
    NO MAXVALUE
    CACHE 1
);


--
-- Name: wagtaildocs_document; Type: TABLE; Schema: public; Owner: goncalosousa
--

CREATE TABLE public.wagtaildocs_document (
    id integer NOT NULL,
    title character varying(255) NOT NULL,
    file character varying(100) NOT NULL,
    created_at timestamp with time zone NOT NULL,
    uploaded_by_user_id bigint,
    collection_id integer NOT NULL,
    file_size integer,
    file_hash character varying(40) NOT NULL,
    CONSTRAINT wagtaildocs_document_file_size_check CHECK ((file_size >= 0))
);


ALTER TABLE public.wagtaildocs_document OWNER TO goncalosousa;

--
-- Name: wagtaildocs_document_id_seq; Type: SEQUENCE; Schema: public; Owner: goncalosousa
--

ALTER TABLE public.wagtaildocs_document ALTER COLUMN id ADD GENERATED BY DEFAULT AS IDENTITY (
    SEQUENCE NAME public.wagtaildocs_document_id_seq
    START WITH 1
    INCREMENT BY 1
    NO MINVALUE
    NO MAXVALUE
    CACHE 1
);


--
-- Name: wagtaildocs_uploadeddocument; Type: TABLE; Schema: public; Owner: goncalosousa
--

CREATE TABLE public.wagtaildocs_uploadeddocument (
    id integer NOT NULL,
    file character varying(200) NOT NULL,
    uploaded_by_user_id bigint
);


ALTER TABLE public.wagtaildocs_uploadeddocument OWNER TO goncalosousa;

--
-- Name: wagtaildocs_uploadeddocument_id_seq; Type: SEQUENCE; Schema: public; Owner: goncalosousa
--

ALTER TABLE public.wagtaildocs_uploadeddocument ALTER COLUMN id ADD GENERATED BY DEFAULT AS IDENTITY (
    SEQUENCE NAME public.wagtaildocs_uploadeddocument_id_seq
    START WITH 1
    INCREMENT BY 1
    NO MINVALUE
    NO MAXVALUE
    CACHE 1
);


--
-- Name: wagtailembeds_embed; Type: TABLE; Schema: public; Owner: goncalosousa
--

CREATE TABLE public.wagtailembeds_embed (
    id integer NOT NULL,
    url text NOT NULL,
    max_width smallint,
    type character varying(10) NOT NULL,
    html text NOT NULL,
    title text NOT NULL,
    author_name text NOT NULL,
    provider_name text NOT NULL,
    thumbnail_url text NOT NULL,
    width integer,
    height integer,
    last_updated timestamp with time zone NOT NULL,
    hash character varying(32) NOT NULL,
    cache_until timestamp with time zone
);


ALTER TABLE public.wagtailembeds_embed OWNER TO goncalosousa;

--
-- Name: wagtailembeds_embed_id_seq; Type: SEQUENCE; Schema: public; Owner: goncalosousa
--

ALTER TABLE public.wagtailembeds_embed ALTER COLUMN id ADD GENERATED BY DEFAULT AS IDENTITY (
    SEQUENCE NAME public.wagtailembeds_embed_id_seq
    START WITH 1
    INCREMENT BY 1
    NO MINVALUE
    NO MAXVALUE
    CACHE 1
);


--
-- Name: wagtailforms_formsubmission; Type: TABLE; Schema: public; Owner: goncalosousa
--

CREATE TABLE public.wagtailforms_formsubmission (
    id integer NOT NULL,
    form_data jsonb NOT NULL,
    submit_time timestamp with time zone NOT NULL,
    page_id integer NOT NULL
);


ALTER TABLE public.wagtailforms_formsubmission OWNER TO goncalosousa;

--
-- Name: wagtailforms_formsubmission_id_seq; Type: SEQUENCE; Schema: public; Owner: goncalosousa
--

ALTER TABLE public.wagtailforms_formsubmission ALTER COLUMN id ADD GENERATED BY DEFAULT AS IDENTITY (
    SEQUENCE NAME public.wagtailforms_formsubmission_id_seq
    START WITH 1
    INCREMENT BY 1
    NO MINVALUE
    NO MAXVALUE
    CACHE 1
);


--
-- Name: wagtailimages_image; Type: TABLE; Schema: public; Owner: goncalosousa
--

CREATE TABLE public.wagtailimages_image (
    id integer NOT NULL,
    title character varying(255) NOT NULL,
    file character varying(100) NOT NULL,
    width integer NOT NULL,
    height integer NOT NULL,
    created_at timestamp with time zone NOT NULL,
    focal_point_x integer,
    focal_point_y integer,
    focal_point_width integer,
    focal_point_height integer,
    uploaded_by_user_id bigint,
    file_size integer,
    collection_id integer NOT NULL,
    file_hash character varying(40) NOT NULL,
    CONSTRAINT wagtailimages_image_file_size_check CHECK ((file_size >= 0)),
    CONSTRAINT wagtailimages_image_focal_point_height_check CHECK ((focal_point_height >= 0)),
    CONSTRAINT wagtailimages_image_focal_point_width_check CHECK ((focal_point_width >= 0)),
    CONSTRAINT wagtailimages_image_focal_point_x_check CHECK ((focal_point_x >= 0)),
    CONSTRAINT wagtailimages_image_focal_point_y_check CHECK ((focal_point_y >= 0))
);


ALTER TABLE public.wagtailimages_image OWNER TO goncalosousa;

--
-- Name: wagtailimages_image_id_seq; Type: SEQUENCE; Schema: public; Owner: goncalosousa
--

ALTER TABLE public.wagtailimages_image ALTER COLUMN id ADD GENERATED BY DEFAULT AS IDENTITY (
    SEQUENCE NAME public.wagtailimages_image_id_seq
    START WITH 1
    INCREMENT BY 1
    NO MINVALUE
    NO MAXVALUE
    CACHE 1
);


--
-- Name: wagtailimages_rendition; Type: TABLE; Schema: public; Owner: goncalosousa
--

CREATE TABLE public.wagtailimages_rendition (
    id integer NOT NULL,
    file character varying(100) NOT NULL,
    width integer NOT NULL,
    height integer NOT NULL,
    focal_point_key character varying(16) NOT NULL,
    filter_spec character varying(255) NOT NULL,
    image_id integer NOT NULL
);


ALTER TABLE public.wagtailimages_rendition OWNER TO goncalosousa;

--
-- Name: wagtailimages_rendition_id_seq; Type: SEQUENCE; Schema: public; Owner: goncalosousa
--

ALTER TABLE public.wagtailimages_rendition ALTER COLUMN id ADD GENERATED BY DEFAULT AS IDENTITY (
    SEQUENCE NAME public.wagtailimages_rendition_id_seq
    START WITH 1
    INCREMENT BY 1
    NO MINVALUE
    NO MAXVALUE
    CACHE 1
);


--
-- Name: wagtailimages_uploadedimage; Type: TABLE; Schema: public; Owner: goncalosousa
--

CREATE TABLE public.wagtailimages_uploadedimage (
    id integer NOT NULL,
    file character varying(200) NOT NULL,
    uploaded_by_user_id bigint
);


ALTER TABLE public.wagtailimages_uploadedimage OWNER TO goncalosousa;

--
-- Name: wagtailimages_uploadedimage_id_seq; Type: SEQUENCE; Schema: public; Owner: goncalosousa
--

ALTER TABLE public.wagtailimages_uploadedimage ALTER COLUMN id ADD GENERATED BY DEFAULT AS IDENTITY (
    SEQUENCE NAME public.wagtailimages_uploadedimage_id_seq
    START WITH 1
    INCREMENT BY 1
    NO MINVALUE
    NO MAXVALUE
    CACHE 1
);


--
-- Name: wagtailmenus_flatmenu; Type: TABLE; Schema: public; Owner: goncalosousa
--

CREATE TABLE public.wagtailmenus_flatmenu (
    id integer NOT NULL,
    title character varying(255) NOT NULL,
    handle character varying(100) NOT NULL,
    heading character varying(255) NOT NULL,
    site_id integer NOT NULL,
    max_levels smallint NOT NULL,
    CONSTRAINT wagtailmenus_flatmenu_max_levels_check CHECK ((max_levels >= 0))
);


ALTER TABLE public.wagtailmenus_flatmenu OWNER TO goncalosousa;

--
-- Name: wagtailmenus_flatmenu_id_seq; Type: SEQUENCE; Schema: public; Owner: goncalosousa
--

ALTER TABLE public.wagtailmenus_flatmenu ALTER COLUMN id ADD GENERATED BY DEFAULT AS IDENTITY (
    SEQUENCE NAME public.wagtailmenus_flatmenu_id_seq
    START WITH 1
    INCREMENT BY 1
    NO MINVALUE
    NO MAXVALUE
    CACHE 1
);


--
-- Name: wagtailmenus_flatmenuitem; Type: TABLE; Schema: public; Owner: goncalosousa
--

CREATE TABLE public.wagtailmenus_flatmenuitem (
    id integer NOT NULL,
    sort_order integer,
    link_text character varying(255) NOT NULL,
    link_url character varying(255),
    link_page_id integer,
    menu_id integer NOT NULL,
    url_append character varying(255) NOT NULL,
    allow_subnav boolean NOT NULL,
    handle character varying(100) NOT NULL
);


ALTER TABLE public.wagtailmenus_flatmenuitem OWNER TO goncalosousa;

--
-- Name: wagtailmenus_flatmenuitem_id_seq; Type: SEQUENCE; Schema: public; Owner: goncalosousa
--

ALTER TABLE public.wagtailmenus_flatmenuitem ALTER COLUMN id ADD GENERATED BY DEFAULT AS IDENTITY (
    SEQUENCE NAME public.wagtailmenus_flatmenuitem_id_seq
    START WITH 1
    INCREMENT BY 1
    NO MINVALUE
    NO MAXVALUE
    CACHE 1
);


--
-- Name: wagtailmenus_mainmenu; Type: TABLE; Schema: public; Owner: goncalosousa
--

CREATE TABLE public.wagtailmenus_mainmenu (
    id integer NOT NULL,
    site_id integer NOT NULL,
    max_levels smallint NOT NULL,
    CONSTRAINT wagtailmenus_mainmenu_max_levels_check CHECK ((max_levels >= 0))
);


ALTER TABLE public.wagtailmenus_mainmenu OWNER TO goncalosousa;

--
-- Name: wagtailmenus_mainmenu_id_seq; Type: SEQUENCE; Schema: public; Owner: goncalosousa
--

ALTER TABLE public.wagtailmenus_mainmenu ALTER COLUMN id ADD GENERATED BY DEFAULT AS IDENTITY (
    SEQUENCE NAME public.wagtailmenus_mainmenu_id_seq
    START WITH 1
    INCREMENT BY 1
    NO MINVALUE
    NO MAXVALUE
    CACHE 1
);


--
-- Name: wagtailmenus_mainmenuitem; Type: TABLE; Schema: public; Owner: goncalosousa
--

CREATE TABLE public.wagtailmenus_mainmenuitem (
    id integer NOT NULL,
    sort_order integer,
    link_text character varying(255) NOT NULL,
    link_url character varying(255),
    link_page_id integer,
    menu_id integer NOT NULL,
    allow_subnav boolean NOT NULL,
    url_append character varying(255) NOT NULL,
    handle character varying(100) NOT NULL
);


ALTER TABLE public.wagtailmenus_mainmenuitem OWNER TO goncalosousa;

--
-- Name: wagtailmenus_mainmenuitem_id_seq; Type: SEQUENCE; Schema: public; Owner: goncalosousa
--

ALTER TABLE public.wagtailmenus_mainmenuitem ALTER COLUMN id ADD GENERATED BY DEFAULT AS IDENTITY (
    SEQUENCE NAME public.wagtailmenus_mainmenuitem_id_seq
    START WITH 1
    INCREMENT BY 1
    NO MINVALUE
    NO MAXVALUE
    CACHE 1
);


--
-- Name: wagtailredirects_redirect; Type: TABLE; Schema: public; Owner: goncalosousa
--

CREATE TABLE public.wagtailredirects_redirect (
    id integer NOT NULL,
    old_path character varying(255) NOT NULL,
    is_permanent boolean NOT NULL,
    redirect_link character varying(255) NOT NULL,
    redirect_page_id integer,
    site_id integer,
    automatically_created boolean NOT NULL,
    created_at timestamp with time zone,
    redirect_page_route_path character varying(255) NOT NULL
);


ALTER TABLE public.wagtailredirects_redirect OWNER TO goncalosousa;

--
-- Name: wagtailredirects_redirect_id_seq; Type: SEQUENCE; Schema: public; Owner: goncalosousa
--

ALTER TABLE public.wagtailredirects_redirect ALTER COLUMN id ADD GENERATED BY DEFAULT AS IDENTITY (
    SEQUENCE NAME public.wagtailredirects_redirect_id_seq
    START WITH 1
    INCREMENT BY 1
    NO MINVALUE
    NO MAXVALUE
    CACHE 1
);


--
-- Name: wagtailsearch_indexentry; Type: TABLE; Schema: public; Owner: goncalosousa
--

CREATE TABLE public.wagtailsearch_indexentry (
    id integer NOT NULL,
    object_id character varying(50) NOT NULL,
    title_norm double precision NOT NULL,
    content_type_id integer NOT NULL,
    autocomplete tsvector NOT NULL,
    title tsvector NOT NULL,
    body tsvector NOT NULL
);


ALTER TABLE public.wagtailsearch_indexentry OWNER TO goncalosousa;

--
-- Name: wagtailsearch_indexentry_id_seq; Type: SEQUENCE; Schema: public; Owner: goncalosousa
--

ALTER TABLE public.wagtailsearch_indexentry ALTER COLUMN id ADD GENERATED BY DEFAULT AS IDENTITY (
    SEQUENCE NAME public.wagtailsearch_indexentry_id_seq
    START WITH 1
    INCREMENT BY 1
    NO MINVALUE
    NO MAXVALUE
    CACHE 1
);


--
-- Name: wagtailsearch_query; Type: TABLE; Schema: public; Owner: goncalosousa
--

CREATE TABLE public.wagtailsearch_query (
    id integer NOT NULL,
    query_string character varying(255) NOT NULL
);


ALTER TABLE public.wagtailsearch_query OWNER TO goncalosousa;

--
-- Name: wagtailsearch_query_id_seq; Type: SEQUENCE; Schema: public; Owner: goncalosousa
--

ALTER TABLE public.wagtailsearch_query ALTER COLUMN id ADD GENERATED BY DEFAULT AS IDENTITY (
    SEQUENCE NAME public.wagtailsearch_query_id_seq
    START WITH 1
    INCREMENT BY 1
    NO MINVALUE
    NO MAXVALUE
    CACHE 1
);


--
-- Name: wagtailsearch_querydailyhits; Type: TABLE; Schema: public; Owner: goncalosousa
--

CREATE TABLE public.wagtailsearch_querydailyhits (
    id integer NOT NULL,
    date date NOT NULL,
    hits integer NOT NULL,
    query_id integer NOT NULL
);


ALTER TABLE public.wagtailsearch_querydailyhits OWNER TO goncalosousa;

--
-- Name: wagtailsearch_querydailyhits_id_seq; Type: SEQUENCE; Schema: public; Owner: goncalosousa
--

ALTER TABLE public.wagtailsearch_querydailyhits ALTER COLUMN id ADD GENERATED BY DEFAULT AS IDENTITY (
    SEQUENCE NAME public.wagtailsearch_querydailyhits_id_seq
    START WITH 1
    INCREMENT BY 1
    NO MINVALUE
    NO MAXVALUE
    CACHE 1
);


--
-- Name: wagtailusers_userprofile; Type: TABLE; Schema: public; Owner: goncalosousa
--

CREATE TABLE public.wagtailusers_userprofile (
    id integer NOT NULL,
    submitted_notifications boolean NOT NULL,
    approved_notifications boolean NOT NULL,
    rejected_notifications boolean NOT NULL,
    user_id bigint NOT NULL,
    preferred_language character varying(10) NOT NULL,
    current_time_zone character varying(40) NOT NULL,
    avatar character varying(100) NOT NULL,
    updated_comments_notifications boolean NOT NULL,
    dismissibles jsonb NOT NULL,
    theme character varying(40) NOT NULL
);


ALTER TABLE public.wagtailusers_userprofile OWNER TO goncalosousa;

--
-- Name: wagtailusers_userprofile_id_seq; Type: SEQUENCE; Schema: public; Owner: goncalosousa
--

ALTER TABLE public.wagtailusers_userprofile ALTER COLUMN id ADD GENERATED BY DEFAULT AS IDENTITY (
    SEQUENCE NAME public.wagtailusers_userprofile_id_seq
    START WITH 1
    INCREMENT BY 1
    NO MINVALUE
    NO MAXVALUE
    CACHE 1
);


--
-- Data for Name: account_emailaddress; Type: TABLE DATA; Schema: public; Owner: goncalosousa
--

COPY public.account_emailaddress (id, email, verified, "primary", user_id) FROM stdin;
\.


--
-- Data for Name: account_emailconfirmation; Type: TABLE DATA; Schema: public; Owner: goncalosousa
--

COPY public.account_emailconfirmation (id, created, sent, key, email_address_id) FROM stdin;
\.


--
-- Data for Name: auth_group; Type: TABLE DATA; Schema: public; Owner: goncalosousa
--

COPY public.auth_group (id, name) FROM stdin;
1	Moderators
2	Editors
\.


--
-- Data for Name: auth_group_permissions; Type: TABLE DATA; Schema: public; Owner: goncalosousa
--

COPY public.auth_group_permissions (id, group_id, permission_id) FROM stdin;
1	1	49
2	2	49
3	1	146
4	1	147
5	1	148
6	2	146
7	2	147
8	2	148
9	1	149
10	2	149
11	1	152
12	1	150
13	1	151
14	2	152
15	2	150
16	2	151
17	1	153
18	2	153
\.


--
-- Data for Name: auth_permission; Type: TABLE DATA; Schema: public; Owner: goncalosousa
--

COPY public.auth_permission (id, name, content_type_id, codename) FROM stdin;
1	Can add permission	1	add_permission
2	Can change permission	1	change_permission
3	Can delete permission	1	delete_permission
4	Can view permission	1	view_permission
5	Can add group	2	add_group
6	Can change group	2	change_group
7	Can delete group	2	delete_group
8	Can view group	2	view_group
9	Can add content type	3	add_contenttype
10	Can change content type	3	change_contenttype
11	Can delete content type	3	delete_contenttype
12	Can view content type	3	view_contenttype
13	Can add session	4	add_session
14	Can change session	4	change_session
15	Can delete session	4	delete_session
16	Can view session	4	view_session
17	Can add site	5	add_site
18	Can change site	5	change_site
19	Can delete site	5	delete_site
20	Can view site	5	view_site
21	Can add log entry	6	add_logentry
22	Can change log entry	6	change_logentry
23	Can delete log entry	6	delete_logentry
24	Can view log entry	6	view_logentry
25	Can add email address	7	add_emailaddress
26	Can change email address	7	change_emailaddress
27	Can delete email address	7	delete_emailaddress
28	Can view email address	7	view_emailaddress
29	Can add email confirmation	8	add_emailconfirmation
30	Can change email confirmation	8	change_emailconfirmation
31	Can delete email confirmation	8	delete_emailconfirmation
32	Can view email confirmation	8	view_emailconfirmation
33	Can add social account	9	add_socialaccount
34	Can change social account	9	change_socialaccount
35	Can delete social account	9	delete_socialaccount
36	Can view social account	9	view_socialaccount
37	Can add social application	10	add_socialapp
38	Can change social application	10	change_socialapp
39	Can delete social application	10	delete_socialapp
40	Can view social application	10	view_socialapp
41	Can add social application token	11	add_socialtoken
42	Can change social application token	11	change_socialtoken
43	Can delete social application token	11	delete_socialtoken
44	Can view social application token	11	view_socialtoken
45	Can add user	12	add_user
46	Can change user	12	change_user
47	Can delete user	12	delete_user
48	Can view user	12	view_user
49	Can access Wagtail admin	14	access_admin
50	Can add locale	16	add_locale
51	Can change locale	16	change_locale
52	Can delete locale	16	delete_locale
53	Can view locale	16	view_locale
54	Can add site	17	add_site
55	Can change site	17	change_site
56	Can delete site	17	delete_site
57	Can view site	17	view_site
58	Can add model log entry	18	add_modellogentry
59	Can change model log entry	18	change_modellogentry
60	Can delete model log entry	18	delete_modellogentry
61	Can view model log entry	18	view_modellogentry
62	Can add collection view restriction	19	add_collectionviewrestriction
63	Can change collection view restriction	19	change_collectionviewrestriction
64	Can delete collection view restriction	19	delete_collectionviewrestriction
65	Can view collection view restriction	19	view_collectionviewrestriction
66	Can add collection	20	add_collection
67	Can change collection	20	change_collection
68	Can delete collection	20	delete_collection
69	Can view collection	20	view_collection
70	Can add group collection permission	21	add_groupcollectionpermission
71	Can change group collection permission	21	change_groupcollectionpermission
72	Can delete group collection permission	21	delete_groupcollectionpermission
73	Can view group collection permission	21	view_groupcollectionpermission
74	Can add reference index	22	add_referenceindex
75	Can change reference index	22	change_referenceindex
76	Can delete reference index	22	delete_referenceindex
77	Can view reference index	22	view_referenceindex
78	Can add page	13	add_page
79	Can change page	13	change_page
80	Can delete page	13	delete_page
81	Can view page	13	view_page
82	Delete pages with children	13	bulk_delete_page
83	Lock/unlock pages you've locked	13	lock_page
84	Publish any page	13	publish_page
85	Unlock any page	13	unlock_page
86	Can add revision	23	add_revision
87	Can change revision	23	change_revision
88	Can delete revision	23	delete_revision
89	Can view revision	23	view_revision
90	Can add group page permission	24	add_grouppagepermission
91	Can change group page permission	24	change_grouppagepermission
92	Can delete group page permission	24	delete_grouppagepermission
93	Can view group page permission	24	view_grouppagepermission
94	Can add page view restriction	25	add_pageviewrestriction
95	Can change page view restriction	25	change_pageviewrestriction
96	Can delete page view restriction	25	delete_pageviewrestriction
97	Can view page view restriction	25	view_pageviewrestriction
98	Can add workflow page	26	add_workflowpage
99	Can change workflow page	26	change_workflowpage
100	Can delete workflow page	26	delete_workflowpage
101	Can view workflow page	26	view_workflowpage
102	Can add workflow content type	27	add_workflowcontenttype
103	Can change workflow content type	27	change_workflowcontenttype
104	Can delete workflow content type	27	delete_workflowcontenttype
105	Can view workflow content type	27	view_workflowcontenttype
106	Can add workflow task order	28	add_workflowtask
107	Can change workflow task order	28	change_workflowtask
108	Can delete workflow task order	28	delete_workflowtask
109	Can view workflow task order	28	view_workflowtask
110	Can add task	29	add_task
111	Can change task	29	change_task
112	Can delete task	29	delete_task
113	Can view task	29	view_task
114	Can add workflow	30	add_workflow
115	Can change workflow	30	change_workflow
116	Can delete workflow	30	delete_workflow
117	Can view workflow	30	view_workflow
118	Can add Group approval task	15	add_groupapprovaltask
119	Can change Group approval task	15	change_groupapprovaltask
120	Can delete Group approval task	15	delete_groupapprovaltask
121	Can view Group approval task	15	view_groupapprovaltask
122	Can add Workflow state	31	add_workflowstate
123	Can change Workflow state	31	change_workflowstate
124	Can delete Workflow state	31	delete_workflowstate
125	Can view Workflow state	31	view_workflowstate
126	Can add Task state	32	add_taskstate
127	Can change Task state	32	change_taskstate
128	Can delete Task state	32	delete_taskstate
129	Can view Task state	32	view_taskstate
130	Can add page log entry	33	add_pagelogentry
131	Can change page log entry	33	change_pagelogentry
132	Can delete page log entry	33	delete_pagelogentry
133	Can view page log entry	33	view_pagelogentry
134	Can add comment	34	add_comment
135	Can change comment	34	change_comment
136	Can delete comment	34	delete_comment
137	Can view comment	34	view_comment
138	Can add comment reply	35	add_commentreply
139	Can change comment reply	35	change_commentreply
140	Can delete comment reply	35	delete_commentreply
141	Can view comment reply	35	view_commentreply
142	Can add page subscription	36	add_pagesubscription
143	Can change page subscription	36	change_pagesubscription
144	Can delete page subscription	36	delete_pagesubscription
145	Can view page subscription	36	view_pagesubscription
146	Can add document	37	add_document
147	Can change document	37	change_document
148	Can delete document	37	delete_document
149	Can choose document	37	choose_document
150	Can add image	38	add_image
151	Can change image	38	change_image
152	Can delete image	38	delete_image
153	Can choose image	38	choose_image
154	Can add form submission	39	add_formsubmission
155	Can change form submission	39	change_formsubmission
156	Can delete form submission	39	delete_formsubmission
157	Can view form submission	39	view_formsubmission
158	Can add redirect	40	add_redirect
159	Can change redirect	40	change_redirect
160	Can delete redirect	40	delete_redirect
161	Can view redirect	40	view_redirect
162	Can add embed	41	add_embed
163	Can change embed	41	change_embed
164	Can delete embed	41	delete_embed
165	Can view embed	41	view_embed
166	Can add user profile	42	add_userprofile
167	Can change user profile	42	change_userprofile
168	Can delete user profile	42	delete_userprofile
169	Can view user profile	42	view_userprofile
170	Can view document	37	view_document
171	Can add uploaded document	43	add_uploadeddocument
172	Can change uploaded document	43	change_uploadeddocument
173	Can delete uploaded document	43	delete_uploadeddocument
174	Can view uploaded document	43	view_uploadeddocument
175	Can view image	38	view_image
176	Can add rendition	44	add_rendition
177	Can change rendition	44	change_rendition
178	Can delete rendition	44	delete_rendition
179	Can view rendition	44	view_rendition
180	Can add uploaded image	45	add_uploadedimage
181	Can change uploaded image	45	change_uploadedimage
182	Can delete uploaded image	45	delete_uploadedimage
183	Can view uploaded image	45	view_uploadedimage
184	Can add query	46	add_query
185	Can change query	46	change_query
186	Can delete query	46	delete_query
187	Can view query	46	view_query
188	Can add Query Daily Hits	47	add_querydailyhits
189	Can change Query Daily Hits	47	change_querydailyhits
190	Can delete Query Daily Hits	47	delete_querydailyhits
191	Can view Query Daily Hits	47	view_querydailyhits
192	Can add index entry	48	add_indexentry
193	Can change index entry	48	change_indexentry
194	Can delete index entry	48	delete_indexentry
195	Can view index entry	48	view_indexentry
196	Can add tag	49	add_tag
197	Can change tag	49	change_tag
198	Can delete tag	49	delete_tag
199	Can view tag	49	view_tag
200	Can add tagged item	50	add_taggeditem
201	Can change tagged item	50	change_taggeditem
202	Can delete tagged item	50	delete_taggeditem
203	Can view tagged item	50	view_taggeditem
204	Can add flat menu	51	add_flatmenu
205	Can change flat menu	51	change_flatmenu
206	Can delete flat menu	51	delete_flatmenu
207	Can view flat menu	51	view_flatmenu
208	Can add menu item	52	add_flatmenuitem
209	Can change menu item	52	change_flatmenuitem
210	Can delete menu item	52	delete_flatmenuitem
211	Can view menu item	52	view_flatmenuitem
212	Can add main menu	53	add_mainmenu
213	Can change main menu	53	change_mainmenu
214	Can delete main menu	53	delete_mainmenu
215	Can view main menu	53	view_mainmenu
216	Can add menu item	54	add_mainmenuitem
217	Can change menu item	54	change_mainmenuitem
218	Can delete menu item	54	delete_mainmenuitem
219	Can view menu item	54	view_mainmenuitem
220	Can add curso	55	add_curso
221	Can change curso	55	change_curso
222	Can delete curso	55	delete_curso
223	Can view curso	55	view_curso
224	Can add home page	56	add_homepage
225	Can change home page	56	change_homepage
226	Can delete home page	56	delete_homepage
227	Can view home page	56	view_homepage
228	Can add curso page	57	add_cursopage
229	Can change curso page	57	change_cursopage
230	Can delete curso page	57	delete_cursopage
231	Can view curso page	57	view_cursopage
232	Can add sliders	58	add_sliders
233	Can change sliders	58	change_sliders
234	Can delete sliders	58	delete_sliders
235	Can view sliders	58	view_sliders
\.


--
-- Data for Name: courses_cursopage; Type: TABLE DATA; Schema: public; Owner: goncalosousa
--

COPY public.courses_cursopage (page_ptr_id, titulo, descricao, curso_slug) FROM stdin;
4	informatica	informatica	informatica
\.


--
-- Data for Name: courses_homepage; Type: TABLE DATA; Schema: public; Owner: goncalosousa
--

COPY public.courses_homepage (page_ptr_id, body) FROM stdin;
3	
\.


--
-- Data for Name: courses_sliders; Type: TABLE DATA; Schema: public; Owner: goncalosousa
--

COPY public.courses_sliders (id, sort_order, title_slider, paragraph_slider, image_slider_id, page_id) FROM stdin;
7	0	Introduo	<p data-block-key="u0mli">D o primeiro passo em direo ao futuro! O curso de informtica oferecido pelo Colgio Internato dos Carvalhos proporciona uma jornada enriquecedora e prtica no campo da cincia da computao. Neste curso, irs explorar os fundamentos da programao, mergulhar nas complexidades da administrao de redes e desenvolver skills de frontend. Prepara-te para adquirir competncias essenciais para prosperar no mundo digital, que est em constante evoluo. Junta-te a ns e embarca nesta emocionante jornada rumo ao sucesso na era da tecnologia!</p>	5	4
8	1	Plano de Estudos	<p data-block-key="7843q"></p><embed alt="Screenshot 2024-03-12 at 13.52.55" embedtype="image" format="left" id="6"/><p data-block-key="8qpk5"></p><p data-block-key="91qkq"></p><p data-block-key="iub5k"></p><embed alt="Screenshot 2024-03-12 at 15.08.10" embedtype="image" format="right" id="8"/><p data-block-key="cm71s"></p><p data-block-key="cj0a2"></p><p data-block-key="8d0d0"></p>	5	4
9	2	Perfil do Tcnico	<p data-block-key="atkcs"><i>No final do curso, o aluno deve ser capaz de:</i></p><ul><li data-block-key="2u3ii">Analisar sistemas de informao e conceber alternativas informticas, indicando os meios tcnicos adequados;</li><li data-block-key="8de9k">Integrar uma equipa de desenvolvimento de aplicaes informticas;</li><li data-block-key="tenf">Efetuar testes a fim de se certificar se o tratamento da informao se adapta aos fins em vista e, caso contrrio, introduzir as modificaes necessrias;</li><li data-block-key="62u2r">Dirigir e coordenar a instalao de sistemas informticos;</li><li data-block-key="694m8">Desenvolver aplicaes;</li><li data-block-key="fqt6d">Dominar tcnicas de desenvolvimento e implementao de software;</li><li data-block-key="7l70d">Conhecer os conceitos de engenharia de software;</li><li data-block-key="lg3d">Gerir e administrar bases de dados;</li><li data-block-key="cnt03">Desenvolver e implementar solues de Intranet e Internet;</li><li data-block-key="8nlma">Efetuar a instalao, configurao e manuteno de computadores, perifricos, redes locais e sistemas operativos.</li></ul>	5	4
10	3	Sadas Profissionais	<p data-block-key="qkuxc"><i>Com a concluso do Curso, o aluno receber um Diploma de Nvel IV, para exercer funes cometidas a quadros intermdios, como:</i></p><ul><li data-block-key="7a66j">Analista programador;</li><li data-block-key="e7t6a">Programador de aplicaes informticas;</li><li data-block-key="lak1">Programador para ambiente Web;</li><li data-block-key="ercua">Administrador de redes de computadores;</li><li data-block-key="b17ta">Administrador de Bases de Dados;</li><li data-block-key="7oqiq">Tcnico de solues e servios informticos;</li><li data-block-key="9p2mu">Outras funes ligadas  sua rea de formao profissional.</li></ul>	5	4
\.


--
-- Data for Name: django_admin_log; Type: TABLE DATA; Schema: public; Owner: goncalosousa
--

COPY public.django_admin_log (id, action_time, object_id, object_repr, action_flag, change_message, content_type_id, user_id) FROM stdin;
\.


--
-- Data for Name: django_content_type; Type: TABLE DATA; Schema: public; Owner: goncalosousa
--

COPY public.django_content_type (id, app_label, model) FROM stdin;
1	auth	permission
2	auth	group
3	contenttypes	contenttype
4	sessions	session
5	sites	site
6	admin	logentry
7	account	emailaddress
8	account	emailconfirmation
9	socialaccount	socialaccount
10	socialaccount	socialapp
11	socialaccount	socialtoken
12	users	user
13	wagtailcore	page
14	wagtailadmin	admin
15	wagtailcore	groupapprovaltask
16	wagtailcore	locale
17	wagtailcore	site
18	wagtailcore	modellogentry
19	wagtailcore	collectionviewrestriction
20	wagtailcore	collection
21	wagtailcore	groupcollectionpermission
22	wagtailcore	referenceindex
23	wagtailcore	revision
24	wagtailcore	grouppagepermission
25	wagtailcore	pageviewrestriction
26	wagtailcore	workflowpage
27	wagtailcore	workflowcontenttype
28	wagtailcore	workflowtask
29	wagtailcore	task
30	wagtailcore	workflow
31	wagtailcore	workflowstate
32	wagtailcore	taskstate
33	wagtailcore	pagelogentry
34	wagtailcore	comment
35	wagtailcore	commentreply
36	wagtailcore	pagesubscription
37	wagtaildocs	document
38	wagtailimages	image
39	wagtailforms	formsubmission
40	wagtailredirects	redirect
41	wagtailembeds	embed
42	wagtailusers	userprofile
43	wagtaildocs	uploadeddocument
44	wagtailimages	rendition
45	wagtailimages	uploadedimage
46	wagtailsearch	query
47	wagtailsearch	querydailyhits
48	wagtailsearch	indexentry
49	taggit	tag
50	taggit	taggeditem
51	wagtailmenus	flatmenu
52	wagtailmenus	flatmenuitem
53	wagtailmenus	mainmenu
54	wagtailmenus	mainmenuitem
55	courses	curso
56	courses	homepage
57	courses	cursopage
58	courses	sliders
\.


--
-- Data for Name: django_migrations; Type: TABLE DATA; Schema: public; Owner: goncalosousa
--

COPY public.django_migrations (id, app, name, applied) FROM stdin;
1	contenttypes	0001_initial	2024-01-29 11:42:04.242116+00
2	contenttypes	0002_remove_content_type_name	2024-01-29 11:42:04.247433+00
3	auth	0001_initial	2024-01-29 11:42:04.279911+00
4	auth	0002_alter_permission_name_max_length	2024-01-29 11:42:04.283815+00
5	auth	0003_alter_user_email_max_length	2024-01-29 11:42:04.287325+00
6	auth	0004_alter_user_username_opts	2024-01-29 11:42:04.290842+00
7	auth	0005_alter_user_last_login_null	2024-01-29 11:42:04.294589+00
8	auth	0006_require_contenttypes_0002	2024-01-29 11:42:04.296328+00
9	auth	0007_alter_validators_add_error_messages	2024-01-29 11:42:04.299836+00
10	auth	0008_alter_user_username_max_length	2024-01-29 11:42:04.303163+00
11	auth	0009_alter_user_last_name_max_length	2024-01-29 11:42:04.307484+00
12	auth	0010_alter_group_name_max_length	2024-01-29 11:42:04.313059+00
13	auth	0011_update_proxy_permissions	2024-01-29 11:42:04.316816+00
14	auth	0012_alter_user_first_name_max_length	2024-01-29 11:42:04.320192+00
15	users	0001_initial	2024-01-29 11:42:04.34378+00
16	account	0001_initial	2024-01-29 11:42:04.3646+00
17	account	0002_email_max_length	2024-01-29 11:42:04.37005+00
18	account	0003_alter_emailaddress_create_unique_verified_email	2024-01-29 11:42:04.380013+00
19	account	0004_alter_emailaddress_drop_unique_email	2024-01-29 11:42:04.393438+00
20	account	0005_emailaddress_idx_upper_email	2024-01-29 11:42:04.401994+00
21	admin	0001_initial	2024-01-29 11:42:04.41643+00
22	admin	0002_logentry_remove_auto_add	2024-01-29 11:42:04.421078+00
23	admin	0003_logentry_add_action_flag_choices	2024-01-29 11:42:04.425751+00
24	sessions	0001_initial	2024-01-29 11:42:04.434023+00
25	sites	0001_initial	2024-01-29 11:42:04.439069+00
26	sites	0002_alter_domain_unique	2024-01-29 11:42:04.444862+00
27	sites	0003_set_site_domain_and_name	2024-01-29 11:42:04.454962+00
28	sites	0004_alter_options_ordering_domain	2024-01-29 11:42:04.45786+00
29	socialaccount	0001_initial	2024-01-29 11:42:04.502474+00
30	socialaccount	0002_token_max_lengths	2024-01-29 11:42:04.514385+00
31	socialaccount	0003_extra_data_default_dict	2024-01-29 11:42:04.519737+00
32	socialaccount	0004_app_provider_id_settings	2024-01-29 11:42:04.53601+00
33	socialaccount	0005_socialtoken_nullable_app	2024-01-29 11:42:04.549346+00
34	socialaccount	0006_alter_socialaccount_extra_data	2024-01-29 11:42:04.560887+00
35	taggit	0001_initial	2024-01-30 08:55:46.523555+00
36	taggit	0002_auto_20150616_2121	2024-01-30 08:55:46.540954+00
37	taggit	0003_taggeditem_add_unique_index	2024-01-30 08:55:46.547116+00
38	taggit	0004_alter_taggeditem_content_type_alter_taggeditem_tag	2024-01-30 08:55:46.559187+00
39	taggit	0005_auto_20220424_2025	2024-01-30 08:55:46.562743+00
40	wagtailcore	0001_initial	2024-01-30 08:55:46.678457+00
41	wagtailcore	0002_initial_data	2024-01-30 08:55:46.679763+00
42	wagtailcore	0003_add_uniqueness_constraint_on_group_page_permission	2024-01-30 08:55:46.680923+00
43	wagtailcore	0004_page_locked	2024-01-30 08:55:46.682075+00
44	wagtailcore	0005_add_page_lock_permission_to_moderators	2024-01-30 08:55:46.683102+00
45	wagtailcore	0006_add_lock_page_permission	2024-01-30 08:55:46.683865+00
46	wagtailcore	0007_page_latest_revision_created_at	2024-01-30 08:55:46.684556+00
47	wagtailcore	0008_populate_latest_revision_created_at	2024-01-30 08:55:46.685283+00
48	wagtailcore	0009_remove_auto_now_add_from_pagerevision_created_at	2024-01-30 08:55:46.686168+00
49	wagtailcore	0010_change_page_owner_to_null_on_delete	2024-01-30 08:55:46.686921+00
50	wagtailcore	0011_page_first_published_at	2024-01-30 08:55:46.687634+00
51	wagtailcore	0012_extend_page_slug_field	2024-01-30 08:55:46.688336+00
52	wagtailcore	0013_update_golive_expire_help_text	2024-01-30 08:55:46.689028+00
53	wagtailcore	0014_add_verbose_name	2024-01-30 08:55:46.689712+00
54	wagtailcore	0015_add_more_verbose_names	2024-01-30 08:55:46.690408+00
55	wagtailcore	0016_change_page_url_path_to_text_field	2024-01-30 08:55:46.691117+00
56	wagtailcore	0017_change_edit_page_permission_description	2024-01-30 08:55:46.695723+00
57	wagtailcore	0018_pagerevision_submitted_for_moderation_index	2024-01-30 08:55:46.702396+00
58	wagtailcore	0019_verbose_names_cleanup	2024-01-30 08:55:46.719918+00
59	wagtailcore	0020_add_index_on_page_first_published_at	2024-01-30 08:55:46.728255+00
60	wagtailcore	0021_capitalizeverbose	2024-01-30 08:55:46.869123+00
61	wagtailcore	0022_add_site_name	2024-01-30 08:55:46.876482+00
62	wagtailcore	0023_alter_page_revision_on_delete_behaviour	2024-01-30 08:55:46.884635+00
63	wagtailcore	0024_collection	2024-01-30 08:55:46.895103+00
64	wagtailcore	0025_collection_initial_data	2024-01-30 08:55:46.904919+00
65	wagtailcore	0026_group_collection_permission	2024-01-30 08:55:46.92882+00
66	wagtailadmin	0001_create_admin_access_permissions	2024-01-30 08:55:46.94511+00
67	wagtailadmin	0002_admin	2024-01-30 08:55:46.94788+00
68	wagtailadmin	0003_admin_managed	2024-01-30 08:55:46.952729+00
69	wagtailcore	0027_fix_collection_path_collation	2024-01-30 08:55:46.966214+00
70	wagtailcore	0024_alter_page_content_type_on_delete_behaviour	2024-01-30 08:55:46.977162+00
71	wagtailcore	0028_merge	2024-01-30 08:55:46.97987+00
72	wagtailcore	0029_unicode_slugfield_dj19	2024-01-30 08:55:46.986608+00
73	wagtailcore	0030_index_on_pagerevision_created_at	2024-01-30 08:55:46.993552+00
74	wagtailcore	0031_add_page_view_restriction_types	2024-01-30 08:55:47.019331+00
75	wagtailcore	0032_add_bulk_delete_page_permission	2024-01-30 08:55:47.030351+00
76	wagtailcore	0033_remove_golive_expiry_help_text	2024-01-30 08:55:47.041215+00
77	wagtailcore	0034_page_live_revision	2024-01-30 08:55:47.053568+00
78	wagtailcore	0035_page_last_published_at	2024-01-30 08:55:47.061252+00
79	wagtailcore	0036_populate_page_last_published_at	2024-01-30 08:55:47.07222+00
80	wagtailcore	0037_set_page_owner_editable	2024-01-30 08:55:47.082+00
81	wagtailcore	0038_make_first_published_at_editable	2024-01-30 08:55:47.089191+00
82	wagtailcore	0039_collectionviewrestriction	2024-01-30 08:55:47.119484+00
83	wagtailcore	0040_page_draft_title	2024-01-30 08:55:47.135737+00
84	wagtailcore	0041_group_collection_permissions_verbose_name_plural	2024-01-30 08:55:47.142003+00
85	wagtailcore	0042_index_on_pagerevision_approved_go_live_at	2024-01-30 08:55:47.149718+00
86	wagtailcore	0043_lock_fields	2024-01-30 08:55:47.166056+00
87	wagtailcore	0044_add_unlock_grouppagepermission	2024-01-30 08:55:47.212736+00
88	wagtailcore	0045_assign_unlock_grouppagepermission	2024-01-30 08:55:47.224075+00
89	wagtailcore	0046_site_name_remove_null	2024-01-30 08:55:47.232456+00
90	wagtailcore	0047_add_workflow_models	2024-01-30 08:55:47.34938+00
91	wagtailcore	0048_add_default_workflows	2024-01-30 08:55:47.377055+00
92	wagtailcore	0049_taskstate_finished_by	2024-01-30 08:55:47.391656+00
93	wagtailcore	0050_workflow_rejected_to_needs_changes	2024-01-30 08:55:47.413688+00
94	wagtailcore	0051_taskstate_comment	2024-01-30 08:55:47.438058+00
95	wagtailcore	0052_pagelogentry	2024-01-30 08:55:47.462592+00
96	wagtailcore	0053_locale_model	2024-01-30 08:55:47.468569+00
97	wagtailcore	0054_initial_locale	2024-01-30 08:55:47.481331+00
98	wagtailcore	0055_page_locale_fields	2024-01-30 08:55:47.511568+00
99	wagtailcore	0056_page_locale_fields_populate	2024-01-30 08:55:47.527294+00
100	wagtailcore	0057_page_locale_fields_notnull	2024-01-30 08:55:47.572593+00
101	wagtailcore	0058_page_alias_of	2024-01-30 08:55:47.630456+00
102	wagtailcore	0059_apply_collection_ordering	2024-01-30 08:55:47.644115+00
103	wagtailcore	0060_fix_workflow_unique_constraint	2024-01-30 08:55:47.6612+00
104	wagtailcore	0061_change_promote_tab_helpt_text_and_verbose_names	2024-01-30 08:55:47.676294+00
105	wagtailcore	0062_comment_models_and_pagesubscription	2024-01-30 08:55:47.736027+00
106	wagtailcore	0063_modellogentry	2024-01-30 08:55:47.759445+00
107	wagtailcore	0064_log_timestamp_indexes	2024-01-30 08:55:47.778426+00
108	wagtailcore	0065_log_entry_uuid	2024-01-30 08:55:47.795238+00
109	wagtailcore	0066_collection_management_permissions	2024-01-30 08:55:47.81131+00
110	wagtailcore	0067_alter_pagerevision_content_json	2024-01-30 08:55:47.835361+00
111	wagtailcore	0068_log_entry_empty_object	2024-01-30 08:55:47.85319+00
112	wagtailcore	0069_log_entry_jsonfield	2024-01-30 08:55:47.905603+00
113	wagtailcore	0070_rename_pagerevision_revision	2024-01-30 08:55:48.087187+00
114	wagtailcore	0071_populate_revision_content_type	2024-01-30 08:55:48.1026+00
115	wagtailcore	0072_alter_revision_content_type_notnull	2024-01-30 08:55:48.139421+00
116	wagtailcore	0073_page_latest_revision	2024-01-30 08:55:48.155179+00
117	wagtailcore	0074_revision_object_str	2024-01-30 08:55:48.166037+00
118	wagtailcore	0075_populate_latest_revision_and_revision_object_str	2024-01-30 08:55:48.192865+00
119	wagtailcore	0076_modellogentry_revision	2024-01-30 08:55:48.208417+00
120	wagtailcore	0077_alter_revision_user	2024-01-30 08:55:48.221769+00
121	wagtailcore	0078_referenceindex	2024-01-30 08:55:48.247858+00
122	wagtailcore	0079_rename_taskstate_page_revision	2024-01-30 08:55:48.26359+00
123	wagtailcore	0080_generic_workflowstate	2024-01-30 08:55:48.396222+00
124	wagtailcore	0081_populate_workflowstate_content_type	2024-01-30 08:55:48.412199+00
125	wagtailcore	0082_alter_workflowstate_content_type_notnull	2024-01-30 08:55:48.449403+00
126	wagtailcore	0083_workflowcontenttype	2024-01-30 08:55:48.469335+00
127	wagtailcore	0084_add_default_page_permissions	2024-01-30 08:55:48.481034+00
128	wagtailcore	0085_add_grouppagepermission_permission	2024-01-30 08:55:48.504839+00
129	wagtailcore	0086_populate_grouppagepermission_permission	2024-01-30 08:55:48.548786+00
130	wagtailcore	0087_alter_grouppagepermission_unique_together_and_more	2024-01-30 08:55:48.586833+00
131	wagtailcore	0088_fix_log_entry_json_timestamps	2024-01-30 08:55:48.636803+00
132	wagtailcore	0089_log_entry_data_json_null_to_object	2024-01-30 08:55:48.698444+00
133	wagtaildocs	0001_initial	2024-01-30 08:55:48.717343+00
134	wagtaildocs	0002_initial_data	2024-01-30 08:55:48.735274+00
135	wagtaildocs	0003_add_verbose_names	2024-01-30 08:55:48.761977+00
136	wagtaildocs	0004_capitalizeverbose	2024-01-30 08:55:48.805557+00
137	wagtaildocs	0005_document_collection	2024-01-30 08:55:48.822904+00
138	wagtaildocs	0006_copy_document_permissions_to_collections	2024-01-30 08:55:48.842032+00
139	wagtaildocs	0005_alter_uploaded_by_user_on_delete_action	2024-01-30 08:55:48.858728+00
140	wagtaildocs	0007_merge	2024-01-30 08:55:48.862251+00
141	wagtaildocs	0008_document_file_size	2024-01-30 08:55:48.873824+00
142	wagtaildocs	0009_document_verbose_name_plural	2024-01-30 08:55:48.883605+00
143	wagtaildocs	0010_document_file_hash	2024-01-30 08:55:48.894593+00
144	wagtaildocs	0011_add_choose_permissions	2024-01-30 08:55:48.932198+00
145	wagtaildocs	0012_uploadeddocument	2024-01-30 08:55:48.997493+00
146	wagtailembeds	0001_initial	2024-01-30 08:55:49.006978+00
147	wagtailembeds	0002_add_verbose_names	2024-01-30 08:55:49.012007+00
148	wagtailembeds	0003_capitalizeverbose	2024-01-30 08:55:49.015793+00
149	wagtailembeds	0004_embed_verbose_name_plural	2024-01-30 08:55:49.019994+00
150	wagtailembeds	0005_specify_thumbnail_url_max_length	2024-01-30 08:55:49.023201+00
151	wagtailembeds	0006_add_embed_hash	2024-01-30 08:55:49.028444+00
152	wagtailembeds	0007_populate_hash	2024-01-30 08:55:49.04653+00
153	wagtailembeds	0008_allow_long_urls	2024-01-30 08:55:49.063163+00
154	wagtailembeds	0009_embed_cache_until	2024-01-30 08:55:49.069353+00
155	wagtailforms	0001_initial	2024-01-30 08:55:49.103141+00
156	wagtailforms	0002_add_verbose_names	2024-01-30 08:55:49.116434+00
157	wagtailforms	0003_capitalizeverbose	2024-01-30 08:55:49.128753+00
158	wagtailforms	0004_add_verbose_name_plural	2024-01-30 08:55:49.137804+00
159	wagtailforms	0005_alter_formsubmission_form_data	2024-01-30 08:55:49.151334+00
160	wagtailimages	0001_initial	2024-01-30 08:55:49.237159+00
161	wagtailimages	0002_initial_data	2024-01-30 08:55:49.239022+00
162	wagtailimages	0003_fix_focal_point_fields	2024-01-30 08:55:49.240828+00
163	wagtailimages	0004_make_focal_point_key_not_nullable	2024-01-30 08:55:49.24299+00
164	wagtailimages	0005_make_filter_spec_unique	2024-01-30 08:55:49.244899+00
165	wagtailimages	0006_add_verbose_names	2024-01-30 08:55:49.246431+00
166	wagtailimages	0007_image_file_size	2024-01-30 08:55:49.247938+00
167	wagtailimages	0008_image_created_at_index	2024-01-30 08:55:49.249246+00
168	wagtailimages	0009_capitalizeverbose	2024-01-30 08:55:49.250262+00
169	wagtailimages	0010_change_on_delete_behaviour	2024-01-30 08:55:49.251127+00
170	wagtailimages	0011_image_collection	2024-01-30 08:55:49.251991+00
171	wagtailimages	0012_copy_image_permissions_to_collections	2024-01-30 08:55:49.252799+00
172	wagtailimages	0013_make_rendition_upload_callable	2024-01-30 08:55:49.253606+00
173	wagtailimages	0014_add_filter_spec_field	2024-01-30 08:55:49.254408+00
174	wagtailimages	0015_fill_filter_spec_field	2024-01-30 08:55:49.255206+00
175	wagtailimages	0016_deprecate_rendition_filter_relation	2024-01-30 08:55:49.255997+00
176	wagtailimages	0017_reduce_focal_point_key_max_length	2024-01-30 08:55:49.256787+00
177	wagtailimages	0018_remove_rendition_filter	2024-01-30 08:55:49.257586+00
178	wagtailimages	0019_delete_filter	2024-01-30 08:55:49.258383+00
179	wagtailimages	0020_add-verbose-name	2024-01-30 08:55:49.259179+00
180	wagtailimages	0021_image_file_hash	2024-01-30 08:55:49.259973+00
181	wagtailimages	0022_uploadedimage	2024-01-30 08:55:49.27698+00
182	wagtailimages	0023_add_choose_permissions	2024-01-30 08:55:49.316665+00
183	wagtailimages	0024_index_image_file_hash	2024-01-30 08:55:49.331842+00
184	wagtailimages	0025_alter_image_file_alter_rendition_file	2024-01-30 08:55:49.346657+00
185	wagtailmenus	0001_initial	2024-01-30 08:55:49.480466+00
186	wagtailmenus	0002_auto_20160129_0901	2024-01-30 08:55:49.49528+00
187	wagtailmenus	0003_auto_20160129_2339	2024-01-30 08:55:49.541499+00
188	wagtailmenus	0004_auto_20160130_0024	2024-01-30 08:55:49.554612+00
189	wagtailmenus	0005_auto_20160130_2209	2024-01-30 08:55:49.580001+00
190	wagtailmenus	0006_auto_20160131_1347	2024-01-30 08:55:49.598046+00
191	wagtailmenus	0007_auto_20160131_2000	2024-01-30 08:55:49.638793+00
192	wagtailmenus	0008_auto_20160131_2327	2024-01-30 08:55:49.727384+00
193	wagtailmenus	0009_auto_20160201_0859	2024-01-30 08:55:49.735035+00
194	wagtailmenus	0010_auto_20160201_1558	2024-01-30 08:55:49.744612+00
195	wagtailmenus	0011_auto_20160415_1519	2024-01-30 08:55:49.758498+00
196	wagtailmenus	0012_auto_20160419_0039	2024-01-30 08:55:49.819917+00
197	wagtailmenus	0013_auto_20160423_1124	2024-01-30 08:55:49.833431+00
198	wagtailmenus	0014_auto_20160423_1339	2024-01-30 08:55:49.846468+00
199	wagtailmenus	0015_auto_20160423_1348	2024-01-30 08:55:49.860602+00
200	wagtailmenus	0016_auto_20160930_0645	2024-01-30 08:55:49.87563+00
201	wagtailmenus	0017_auto_20161013_1658	2024-01-30 08:55:49.905218+00
202	wagtailmenus	0018_auto_20161204_2043	2024-01-30 08:55:49.91474+00
203	wagtailmenus	0019_auto_20161204_2143	2024-01-30 08:55:49.922591+00
204	wagtailmenus	0020_auto_20161210_0004	2024-01-30 08:55:50.012928+00
205	wagtailmenus	0021_auto_20170106_2352	2024-01-30 08:55:50.025451+00
206	wagtailmenus	0022_auto_20170913_2125	2024-01-30 08:55:50.038998+00
207	wagtailmenus	0023_remove_use_specific	2024-01-30 08:55:50.047709+00
208	wagtailredirects	0001_initial	2024-01-30 08:55:50.075482+00
209	wagtailredirects	0002_add_verbose_names	2024-01-30 08:55:50.09885+00
210	wagtailredirects	0003_make_site_field_editable	2024-01-30 08:55:50.115716+00
211	wagtailredirects	0004_set_unique_on_path_and_site	2024-01-30 08:55:50.140032+00
212	wagtailredirects	0005_capitalizeverbose	2024-01-30 08:55:50.191387+00
213	wagtailredirects	0006_redirect_increase_max_length	2024-01-30 08:55:50.213687+00
214	wagtailredirects	0007_add_autocreate_fields	2024-01-30 08:55:50.283152+00
215	wagtailredirects	0008_add_verbose_name_plural	2024-01-30 08:55:50.292523+00
216	wagtailsearch	0001_initial	2024-01-30 08:55:50.34976+00
217	wagtailsearch	0002_add_verbose_names	2024-01-30 08:55:50.379415+00
218	wagtailsearch	0003_remove_editors_pick	2024-01-30 08:55:50.382671+00
219	wagtailsearch	0004_querydailyhits_verbose_name_plural	2024-01-30 08:55:50.388157+00
220	wagtailsearch	0005_create_indexentry	2024-01-30 08:55:50.418173+00
221	wagtailsearch	0006_customise_indexentry	2024-01-30 08:55:50.457203+00
222	wagtailsearch	0007_delete_editorspick	2024-01-30 08:55:50.466697+00
223	wagtailusers	0001_initial	2024-01-30 08:55:50.491654+00
224	wagtailusers	0002_add_verbose_name_on_userprofile	2024-01-30 08:55:50.516079+00
225	wagtailusers	0003_add_verbose_names	2024-01-30 08:55:50.526052+00
226	wagtailusers	0004_capitalizeverbose	2024-01-30 08:55:50.556924+00
227	wagtailusers	0005_make_related_name_wagtail_specific	2024-01-30 08:55:50.616365+00
228	wagtailusers	0006_userprofile_prefered_language	2024-01-30 08:55:50.627197+00
229	wagtailusers	0007_userprofile_current_time_zone	2024-01-30 08:55:50.637673+00
230	wagtailusers	0008_userprofile_avatar	2024-01-30 08:55:50.648936+00
231	wagtailusers	0009_userprofile_verbose_name_plural	2024-01-30 08:55:50.659662+00
232	wagtailusers	0010_userprofile_updated_comments_notifications	2024-01-30 08:55:50.671692+00
233	wagtailusers	0011_userprofile_dismissibles	2024-01-30 08:55:50.682992+00
234	wagtailusers	0012_userprofile_theme	2024-01-30 08:55:50.695752+00
235	wagtailimages	0001_squashed_0021	2024-01-30 08:55:50.70319+00
236	wagtailcore	0001_squashed_0016_change_page_url_path_to_text_field	2024-01-30 08:55:50.706185+00
237	courses	0001_initial	2024-02-20 14:05:50.315756+00
238	courses	0002_homepage	2024-02-20 14:11:05.800186+00
239	courses	0003_cursopage_delete_curso	2024-02-20 14:15:32.125754+00
240	courses	0004_sliders	2024-02-26 11:16:40.417256+00
241	courses	0005_alter_sliders_paragraph_slider	2024-02-26 11:17:31.662924+00
\.


--
-- Data for Name: django_session; Type: TABLE DATA; Schema: public; Owner: goncalosousa
--

COPY public.django_session (session_key, session_data, expire_date) FROM stdin;
1fquw65lp2ljvob4581pauscmk7kef2x	.eJxVjDsOwjAQBe_iGllrJ_6lpOcM1q4_xIAcFCcSCHF3iJQC2jfz5sU8rsvo15ZmXyIbmGCH340wXFPdQLxgPU88THWZC_FN4Ttt_DTFdDvu7l9gxDZ-30pS7JKxAiD35FS0lhygQAMkIaAlIaVV2pBOTpEhhznoXvYxd9a4vEVbaq1M1afHvcxPNggJTgO8P_UfQBk:1rUjvB:136vS06j3oSwYxhX0f5EnqHth2tse4tMrFMHqAQhhcQ	2024-02-13 08:56:45.524083+00
yf26hzvlofyfjtg4ntl98a0miurmb842	.eJxVjMEOwiAQBf-FsyFAwW179O43EBYWixow0CYa47_bJj3o9c28eTPrlnmyS6NqU2AjU-zwu6HzN8obCFeXL4X7kueakG8K32nj5xLoftrdv8Dk2rS-IRrsJGhntBQYvUI4ygA-xkEgSqkcYRcBA_VGoewp9rAyo4egSRBs0UatpZItPR-pvtgoPl-r-j_Y:1rcQm6:PFe57SvApoPHbyAuzgsI1u21oo14GScpuhgsNUjDxZ0	2024-03-05 14:07:10.746891+00
oqgulsllw6qeuwxoav9all8i8tdvyu4a	.eJxVjMsOwiAQRf-FtSEFymO6dO83kIGhFjVgSptojP-uTbrQ7T3nnhfzuC6TX1uafSY2MMUOv1vAeE1lA3TBcq481rLMOfBN4Ttt_FQp3Y67-xeYsE3fd7IC5IijM9Al1OAIeufQWoMgdNDCWCVBWbJIsSeI0mirCGUQUhGMW7Sl1nItPj3ueX6yoXt_AG-yPqc:1reYgt:8TXCOKvmff8ueijsrPTlBGBSOW2pQlRs7mTutrU3f34	2024-03-11 10:58:35.833481+00
jwamtlqqasgjvrke0lkav064j2fso3ib	.eJxVjMEOwiAQBf-FsyFAS4EevfsNZBcWixowpU00xn_XJj3o9c28eTEP6zL5tdHsc2Qjk-zwuyGEK5UNxAuUc-WhlmXOyDeF77TxU410O-7uX2CCNn3fWmHsyFgpROrR6WgtOgESjEAlAliUSlk9GBzIaTToIIWhV31MnTUubdFGreVaPD3ueX6yUbw_eSk-5w:1rh690:tlK5e3MuA7pKIhp_UJoaGaiW5gIZOhQ24805brzjmZ8	2024-03-18 11:06:06.017563+00
abyjqrjxfzsc2x7808nj4p4lxo8ob12p	.eJxVjMEOwiAQBf-FsyFAS4EevfsNZBcWixowpU00xn_XJj3o9c28eTEP6zL5tdHsc2Qjk-zwuyGEK5UNxAuUc-WhlmXOyDeF77TxU410O-7uX2CCNn3fWmHsyFgpROrR6WgtOgESjEAlAliUSlk9GBzIaTToIIWhV31MnTUubdFGreVaPD3ueX6yUbw_eSk-5w:1rh6Ee:1RMh3ZrtAz5-P9HD_hLpbhIXf2wa-KaMUM2S_2zviMU	2024-03-18 11:11:56.96172+00
2vf2hhvgy7zhpgn09fiv26hwwxjf5h2s	.eJxVjMEOwiAQBf-FsyFAS4EevfsNZBcWixowpU00xn_XJj3o9c28eTEP6zL5tdHsc2Qjk-zwuyGEK5UNxAuUc-WhlmXOyDeF77TxU410O-7uX2CCNn3fWmHsyFgpROrR6WgtOgESjEAlAliUSlk9GBzIaTToIIWhV31MnTUubdFGreVaPD3ueX6yUbw_eSk-5w:1rhRe7:74bRqScTt82Q4Ofe5w5eSmZlYeVSnWkTkuoyaXA5FLI	2024-03-19 10:03:39.902377+00
1s3lf7wwnvhsqrdhhq9wfo79ykvylnda	.eJxVjMEOwiAQBf-FsyFAS4EevfsNZBcWixowpU00xn_XJj3o9c28eTEP6zL5tdHsc2Qjk-zwuyGEK5UNxAuUc-WhlmXOyDeF77TxU410O-7uX2CCNn3fWmHsyFgpROrR6WgtOgESjEAlAliUSlk9GBzIaTToIIWhV31MnTUubdFGreVaPD3ueX6yUbw_eSk-5w:1rjdW4:nf_K0jOlBKST3jWlfW1u8xdIokCdpBfKaBHadr2cev8	2024-03-25 11:08:24.50706+00
uvk38bkipiu98jdcec4a9u5og29vdm0k	.eJxVjMEOwiAQBf-FsyFAS4EevfsNZBcWixowpU00xn_XJj3o9c28eTEP6zL5tdHsc2Qjk-zwuyGEK5UNxAuUc-WhlmXOyDeF77TxU410O-7uX2CCNn3fWmHsyFgpROrR6WgtOgESjEAlAliUSlk9GBzIaTToIIWhV31MnTUubdFGreVaPD3ueX6yUbw_eSk-5w:1rk2PA:Ue0-J5nSMKebWzU4f9MuutS1kO-7m9U3lg7VUH5GJBQ	2024-03-26 13:42:56.478088+00
\.


--
-- Data for Name: django_site; Type: TABLE DATA; Schema: public; Owner: goncalosousa
--

COPY public.django_site (id, domain, name) FROM stdin;
1	example.com	expocic
\.


--
-- Data for Name: socialaccount_socialaccount; Type: TABLE DATA; Schema: public; Owner: goncalosousa
--

COPY public.socialaccount_socialaccount (id, provider, uid, last_login, date_joined, extra_data, user_id) FROM stdin;
\.


--
-- Data for Name: socialaccount_socialapp; Type: TABLE DATA; Schema: public; Owner: goncalosousa
--

COPY public.socialaccount_socialapp (id, provider, name, client_id, secret, key, provider_id, settings) FROM stdin;
\.


--
-- Data for Name: socialaccount_socialapp_sites; Type: TABLE DATA; Schema: public; Owner: goncalosousa
--

COPY public.socialaccount_socialapp_sites (id, socialapp_id, site_id) FROM stdin;
\.


--
-- Data for Name: socialaccount_socialtoken; Type: TABLE DATA; Schema: public; Owner: goncalosousa
--

COPY public.socialaccount_socialtoken (id, token, token_secret, expires_at, account_id, app_id) FROM stdin;
\.


--
-- Data for Name: taggit_tag; Type: TABLE DATA; Schema: public; Owner: goncalosousa
--

COPY public.taggit_tag (id, name, slug) FROM stdin;
\.


--
-- Data for Name: taggit_taggeditem; Type: TABLE DATA; Schema: public; Owner: goncalosousa
--

COPY public.taggit_taggeditem (id, object_id, content_type_id, tag_id) FROM stdin;
\.


--
-- Data for Name: users_user; Type: TABLE DATA; Schema: public; Owner: goncalosousa
--

COPY public.users_user (id, password, last_login, is_superuser, username, email, is_staff, is_active, date_joined, name) FROM stdin;
2	argon2$argon2id$v=19$m=102400,t=2,p=8$Q1cxSkhabUliV29FZEZSNFM2am50Nw$m1AMVXcfGTNTKXxRQFrAwL7L5oWnW7rfNog2yxMKG/Y	2024-02-20 14:07:10.724047+00	t	aaaa		t	t	2024-02-20 14:07:01.590633+00	
3	argon2$argon2id$v=19$m=102400,t=2,p=8$enRLS1JNd1dYV0ZEYk9yaEM1YWJqSQ$RJhRhjHj5+WBcHP0Oqw+z2p81PqIrnE1rJZOeNpJKCA	2024-02-26 10:58:35.804378+00	t	goncalo		t	t	2024-02-26 10:58:29.821544+00	
1	argon2$argon2id$v=19$m=102400,t=2,p=8$RTlxMVBka1FkZ0R2MW1wb2RwbUtUcA$vTbYbBy4R9IhlIFKRUKnVCuTZ7xY1U8VjchIgNeTX1k	2024-03-12 13:42:56.454875+00	t	admin		t	t	2024-01-30 08:56:16.926969+00	
\.


--
-- Data for Name: users_user_groups; Type: TABLE DATA; Schema: public; Owner: goncalosousa
--

COPY public.users_user_groups (id, user_id, group_id) FROM stdin;
\.


--
-- Data for Name: users_user_user_permissions; Type: TABLE DATA; Schema: public; Owner: goncalosousa
--

COPY public.users_user_user_permissions (id, user_id, permission_id) FROM stdin;
\.


--
-- Data for Name: wagtailadmin_admin; Type: TABLE DATA; Schema: public; Owner: goncalosousa
--

COPY public.wagtailadmin_admin (id) FROM stdin;
\.


--
-- Data for Name: wagtailcore_collection; Type: TABLE DATA; Schema: public; Owner: goncalosousa
--

COPY public.wagtailcore_collection (id, path, depth, numchild, name) FROM stdin;
1	0001	1	0	Root
\.


--
-- Data for Name: wagtailcore_collectionviewrestriction; Type: TABLE DATA; Schema: public; Owner: goncalosousa
--

COPY public.wagtailcore_collectionviewrestriction (id, restriction_type, password, collection_id) FROM stdin;
\.


--
-- Data for Name: wagtailcore_collectionviewrestriction_groups; Type: TABLE DATA; Schema: public; Owner: goncalosousa
--

COPY public.wagtailcore_collectionviewrestriction_groups (id, collectionviewrestriction_id, group_id) FROM stdin;
\.


--
-- Data for Name: wagtailcore_comment; Type: TABLE DATA; Schema: public; Owner: goncalosousa
--

COPY public.wagtailcore_comment (id, text, contentpath, "position", created_at, updated_at, resolved_at, page_id, resolved_by_id, revision_created_id, user_id) FROM stdin;
\.


--
-- Data for Name: wagtailcore_commentreply; Type: TABLE DATA; Schema: public; Owner: goncalosousa
--

COPY public.wagtailcore_commentreply (id, text, created_at, updated_at, comment_id, user_id) FROM stdin;
\.


--
-- Data for Name: wagtailcore_groupapprovaltask; Type: TABLE DATA; Schema: public; Owner: goncalosousa
--

COPY public.wagtailcore_groupapprovaltask (task_ptr_id) FROM stdin;
1
\.


--
-- Data for Name: wagtailcore_groupapprovaltask_groups; Type: TABLE DATA; Schema: public; Owner: goncalosousa
--

COPY public.wagtailcore_groupapprovaltask_groups (id, groupapprovaltask_id, group_id) FROM stdin;
1	1	1
\.


--
-- Data for Name: wagtailcore_groupcollectionpermission; Type: TABLE DATA; Schema: public; Owner: goncalosousa
--

COPY public.wagtailcore_groupcollectionpermission (id, collection_id, group_id, permission_id) FROM stdin;
1	1	1	146
2	1	2	146
3	1	1	147
4	1	2	147
5	1	1	149
6	1	2	149
7	1	1	150
8	1	2	150
9	1	1	151
10	1	2	151
11	1	1	153
12	1	2	153
\.


--
-- Data for Name: wagtailcore_grouppagepermission; Type: TABLE DATA; Schema: public; Owner: goncalosousa
--

COPY public.wagtailcore_grouppagepermission (id, permission_type, group_id, page_id, permission_id) FROM stdin;
1	add	1	1	78
2	change	1	1	79
3	publish	1	1	84
4	add	2	1	78
5	change	2	1	79
6	lock	1	1	83
7	unlock	1	1	85
\.


--
-- Data for Name: wagtailcore_locale; Type: TABLE DATA; Schema: public; Owner: goncalosousa
--

COPY public.wagtailcore_locale (id, language_code) FROM stdin;
1	en
\.


--
-- Data for Name: wagtailcore_modellogentry; Type: TABLE DATA; Schema: public; Owner: goncalosousa
--

COPY public.wagtailcore_modellogentry (id, label, action, data, "timestamp", content_changed, deleted, object_id, content_type_id, user_id, uuid, revision_id) FROM stdin;
1	Expocic [pr-definio]	wagtail.create	{}	2024-02-20 14:11:47.839517+00	t	f	2	17	2	c3e0c48b-d065-4769-b9df-33e5b404af5b	\N
\.


--
-- Data for Name: wagtailcore_page; Type: TABLE DATA; Schema: public; Owner: goncalosousa
--

COPY public.wagtailcore_page (id, path, depth, numchild, title, slug, live, has_unpublished_changes, url_path, seo_title, show_in_menus, search_description, go_live_at, expire_at, expired, content_type_id, owner_id, locked, latest_revision_created_at, first_published_at, live_revision_id, last_published_at, draft_title, locked_at, locked_by_id, translation_key, locale_id, alias_of_id, latest_revision_id) FROM stdin;
1	0001	1	1	Root	root	t	f	/		f		\N	\N	f	13	\N	f	\N	\N	\N	\N	Root	\N	\N	1f8ef968-3eaa-4b33-857c-9fe8d6ed6f02	1	\N	\N
3	00010001	2	1	Homepage	homepage	t	f	/homepage/		f		\N	\N	f	56	2	f	2024-02-20 14:11:22.316068+00	2024-02-20 14:11:22.378618+00	1	2024-02-20 14:11:22.378618+00	Homepage	\N	\N	1cd994ef-3700-4526-aa8a-a426df2965a4	1	\N	1
4	000100010001	3	0	Informtica	informatica	t	f	/homepage/informatica/		f		\N	\N	f	57	2	f	2024-03-12 15:09:26.411231+00	2024-02-20 14:18:04.302746+00	32	2024-03-12 15:09:26.467285+00	Informtica	\N	\N	b0a3b5ca-d400-42b5-bc19-a3ebdc6749b7	1	\N	32
\.


--
-- Data for Name: wagtailcore_pagelogentry; Type: TABLE DATA; Schema: public; Owner: goncalosousa
--

COPY public.wagtailcore_pagelogentry (id, label, action, data, "timestamp", content_changed, deleted, content_type_id, page_id, revision_id, user_id, uuid) FROM stdin;
1	Welcome to your new Wagtail site!	wagtail.delete	{}	2024-02-20 14:07:31.14411+00	f	t	13	2	\N	2	e48b1180-3a73-4c39-a5c8-bc537dfc87d6
2	Homepage	wagtail.create	{}	2024-02-20 14:11:22.282262+00	t	f	56	3	\N	2	6d71c3fa-5be4-4d8d-8ad3-2592ec626c17
3	Homepage	wagtail.edit	{}	2024-02-20 14:11:22.351902+00	t	f	56	3	1	2	6d71c3fa-5be4-4d8d-8ad3-2592ec626c17
4	Homepage	wagtail.publish	{}	2024-02-20 14:11:22.4405+00	t	f	56	3	1	2	6d71c3fa-5be4-4d8d-8ad3-2592ec626c17
5	Informatica	wagtail.create	{}	2024-02-20 14:18:04.236086+00	t	f	57	4	\N	2	2f2b4c5b-fa84-46bc-85a2-3110e0caec41
6	Informatica	wagtail.edit	{}	2024-02-20 14:18:04.284961+00	t	f	57	4	2	2	2f2b4c5b-fa84-46bc-85a2-3110e0caec41
7	Informatica	wagtail.publish	{}	2024-02-20 14:18:04.348764+00	t	f	57	4	2	2	2f2b4c5b-fa84-46bc-85a2-3110e0caec41
8	Informatica	wagtail.edit	{}	2024-02-20 14:21:25.143261+00	t	f	57	4	3	2	16b42198-543a-41f2-810f-efec681137ba
9	Informatica	wagtail.rename	{"title": {"new": "informatica", "old": "Informatica"}}	2024-02-20 14:21:25.206356+00	f	f	57	4	3	2	16b42198-543a-41f2-810f-efec681137ba
10	Informatica	wagtail.publish	{"title": {"new": "informatica", "old": "Informatica"}}	2024-02-20 14:21:25.211306+00	t	f	57	4	3	2	16b42198-543a-41f2-810f-efec681137ba
11	Artes	wagtail.create	{}	2024-02-20 14:33:45.585655+00	t	f	57	5	\N	2	4b5918d3-6bc9-4c5e-a807-531a1af8b3e5
12	Artes	wagtail.edit	{}	2024-02-20 14:33:45.645163+00	t	f	57	5	4	2	4b5918d3-6bc9-4c5e-a807-531a1af8b3e5
13	Artes	wagtail.publish	{}	2024-02-20 14:33:45.702957+00	t	f	57	5	4	2	4b5918d3-6bc9-4c5e-a807-531a1af8b3e5
14	ciencias	wagtail.create	{}	2024-02-20 14:34:31.101166+00	t	f	57	6	\N	2	5efc6cc1-f8f2-4d59-a347-6943949ccd65
15	ciencias	wagtail.edit	{}	2024-02-20 14:34:31.21782+00	t	f	57	6	5	2	5efc6cc1-f8f2-4d59-a347-6943949ccd65
16	ciencias	wagtail.publish	{}	2024-02-20 14:34:31.310131+00	t	f	57	6	5	2	5efc6cc1-f8f2-4d59-a347-6943949ccd65
17	Eletronica	wagtail.create	{}	2024-02-20 14:35:54.537019+00	t	f	57	7	\N	2	0c6f6927-f5be-4175-ae73-92169c5872d7
18	Eletronica	wagtail.edit	{}	2024-02-20 14:35:54.573511+00	t	f	57	7	6	2	0c6f6927-f5be-4175-ae73-92169c5872d7
19	Eletronica	wagtail.publish	{}	2024-02-20 14:35:54.64319+00	t	f	57	7	6	2	0c6f6927-f5be-4175-ae73-92169c5872d7
20	Contabilidade	wagtail.create	{}	2024-02-20 14:45:00.466426+00	t	f	57	8	\N	2	2dc733fe-66bd-4e65-9a3b-f80d2f541a41
21	Contabilidade	wagtail.edit	{}	2024-02-20 14:45:00.512171+00	t	f	57	8	7	2	2dc733fe-66bd-4e65-9a3b-f80d2f541a41
22	Contabilidade	wagtail.publish	{}	2024-02-20 14:45:00.576296+00	t	f	57	8	7	2	2dc733fe-66bd-4e65-9a3b-f80d2f541a41
23	Pastelaria	wagtail.create	{}	2024-02-26 10:59:34.662163+00	t	f	57	9	\N	3	cb741243-9157-427d-b531-5fddbca2cb04
24	Pastelaria	wagtail.edit	{}	2024-02-26 10:59:34.724173+00	t	f	57	9	8	3	cb741243-9157-427d-b531-5fddbca2cb04
25	Pastelaria	wagtail.publish	{}	2024-02-26 10:59:34.806998+00	t	f	57	9	8	3	cb741243-9157-427d-b531-5fddbca2cb04
26	Pastelaria	wagtail.edit	{}	2024-02-26 11:21:28.686724+00	t	f	57	9	9	3	ab6ef85e-d954-4f32-b16f-6857aed260a1
27	Pastelaria	wagtail.publish	{}	2024-02-26 11:21:28.80705+00	t	f	57	9	9	3	ab6ef85e-d954-4f32-b16f-6857aed260a1
28	Pastelaria	wagtail.edit	{}	2024-02-26 11:33:50.926753+00	t	f	57	9	10	3	d6230028-643a-4ba7-b444-185b9a6414be
29	Pastelaria	wagtail.publish	{}	2024-02-26 11:33:51.038847+00	t	f	57	9	10	3	d6230028-643a-4ba7-b444-185b9a6414be
30	Pastelaria	wagtail.edit	{}	2024-03-04 11:28:16.821006+00	t	f	57	9	11	1	647beee3-1dd8-4f33-8755-85de3cc527c1
31	Pastelaria	wagtail.publish	{}	2024-03-04 11:28:16.932961+00	t	f	57	9	11	1	647beee3-1dd8-4f33-8755-85de3cc527c1
32	Pastelaria	wagtail.edit	{}	2024-03-04 11:28:52.939273+00	t	f	57	9	12	1	0d56db47-8279-4f91-92c6-fe7b37259436
33	Pastelaria	wagtail.publish	{}	2024-03-04 11:28:53.055106+00	t	f	57	9	12	1	0d56db47-8279-4f91-92c6-fe7b37259436
34	Marlia	wagtail.create	{}	2024-03-04 15:31:39.928578+00	t	f	57	10	\N	1	426a08cb-0901-4abd-98c6-31e30bf1c056
35	Marlia	wagtail.edit	{}	2024-03-04 15:31:40.009316+00	t	f	57	10	13	1	426a08cb-0901-4abd-98c6-31e30bf1c056
36	Marlia	wagtail.publish	{}	2024-03-04 15:31:40.154867+00	t	f	57	10	13	1	426a08cb-0901-4abd-98c6-31e30bf1c056
37	Diogo	wagtail.create	{}	2024-03-05 10:04:21.87422+00	t	f	57	11	\N	1	12b97595-c66d-4570-8f90-94c60b194e80
38	Diogo	wagtail.edit	{}	2024-03-05 10:04:21.942242+00	t	f	57	11	14	1	12b97595-c66d-4570-8f90-94c60b194e80
39	Diogo	wagtail.publish	{}	2024-03-05 10:04:22.046054+00	t	f	57	11	14	1	12b97595-c66d-4570-8f90-94c60b194e80
40	Pastelaria	wagtail.edit	{}	2024-03-11 11:14:16.387415+00	t	f	57	9	15	1	d1a16490-2e9c-4655-a46a-6e2ab34a3cde
41	Pastelaria	wagtail.publish	{}	2024-03-11 11:14:16.536839+00	t	f	57	9	15	1	d1a16490-2e9c-4655-a46a-6e2ab34a3cde
42	Pastelaria	wagtail.edit	{}	2024-03-11 11:15:02.290192+00	t	f	57	9	16	1	92f39ebd-c0a1-463d-9c70-909399f03e72
43	Pastelaria	wagtail.publish	{}	2024-03-11 11:15:02.446367+00	t	f	57	9	16	1	92f39ebd-c0a1-463d-9c70-909399f03e72
44	Pastelaria	wagtail.edit	{}	2024-03-11 11:18:28.001612+00	t	f	57	9	17	1	be51fe61-2535-4cba-ab95-4a23baae1921
45	Pastelaria	wagtail.publish	{}	2024-03-11 11:18:28.171834+00	t	f	57	9	17	1	be51fe61-2535-4cba-ab95-4a23baae1921
46	Pastelaria	wagtail.edit	{}	2024-03-11 11:21:01.096602+00	t	f	57	9	18	1	3940f9ea-3cac-4a5e-a1c0-c64957cdd35c
47	Pastelaria	wagtail.publish	{}	2024-03-11 11:21:01.175874+00	t	f	57	9	18	1	3940f9ea-3cac-4a5e-a1c0-c64957cdd35c
48	Informatica	wagtail.edit	{}	2024-03-11 11:33:53.376469+00	t	f	57	4	19	1	ba3e48dd-476d-4445-ac6f-d5cdb7c6e17b
49	Informtica	wagtail.publish	{}	2024-03-11 11:33:53.540267+00	t	f	57	4	19	1	ba3e48dd-476d-4445-ac6f-d5cdb7c6e17b
50	Informtica	wagtail.edit	{}	2024-03-11 11:36:58.390716+00	t	f	57	4	20	1	fce85f4d-d08d-4273-ad48-4bd54cf2160d
51	Informtica	wagtail.publish	{}	2024-03-11 11:36:58.509994+00	t	f	57	4	20	1	fce85f4d-d08d-4273-ad48-4bd54cf2160d
52	Informtica	wagtail.edit	{}	2024-03-12 13:53:24.018422+00	t	f	57	4	21	1	b638b9e0-ff29-4ed3-a63f-98389f6796a5
53	Informtica	wagtail.publish	{}	2024-03-12 13:53:24.146387+00	t	f	57	4	21	1	b638b9e0-ff29-4ed3-a63f-98389f6796a5
54	Informtica	wagtail.edit	{}	2024-03-12 14:12:20.157345+00	t	f	57	4	22	1	dd46ccbd-04f4-41e1-9d03-95e550b156aa
55	Informtica	wagtail.publish	{}	2024-03-12 14:12:20.243903+00	t	f	57	4	22	1	dd46ccbd-04f4-41e1-9d03-95e550b156aa
56	Informtica	wagtail.edit	{}	2024-03-12 14:33:45.864861+00	t	f	57	4	23	1	d966998d-69be-4d0b-90c0-88727c2ca52e
57	Informtica	wagtail.publish	{}	2024-03-12 14:33:46.044162+00	t	f	57	4	23	1	d966998d-69be-4d0b-90c0-88727c2ca52e
58	Informtica	wagtail.edit	{}	2024-03-12 14:34:03.623827+00	t	f	57	4	24	1	80917e5f-d6c1-42b9-948a-e0ed402c44a4
59	Informtica	wagtail.publish	{}	2024-03-12 14:34:03.751218+00	t	f	57	4	24	1	80917e5f-d6c1-42b9-948a-e0ed402c44a4
60	Informtica	wagtail.edit	{}	2024-03-12 14:40:56.117626+00	t	f	57	4	25	1	6d5457ba-0f7e-4ea0-bdfa-c9fb1aa55391
61	Informtica	wagtail.publish	{}	2024-03-12 14:40:56.2569+00	t	f	57	4	25	1	6d5457ba-0f7e-4ea0-bdfa-c9fb1aa55391
62	Informtica	wagtail.edit	{}	2024-03-12 14:42:17.07878+00	t	f	57	4	26	1	33f9b4b9-838c-47a2-88af-0e0159512010
63	Informtica	wagtail.publish	{}	2024-03-12 14:42:17.225452+00	t	f	57	4	26	1	33f9b4b9-838c-47a2-88af-0e0159512010
64	Informtica	wagtail.edit	{}	2024-03-12 14:47:17.709166+00	t	f	57	4	27	1	c6c90360-9ed9-4ffc-a6f3-28dbc103d832
65	Informtica	wagtail.publish	{}	2024-03-12 14:47:17.823183+00	t	f	57	4	27	1	c6c90360-9ed9-4ffc-a6f3-28dbc103d832
66	Informtica	wagtail.edit	{}	2024-03-12 14:56:32.713217+00	t	f	57	4	28	1	3c00e04a-bc8c-4531-9d10-706abfe2165d
67	Informtica	wagtail.publish	{}	2024-03-12 14:56:32.976668+00	t	f	57	4	28	1	3c00e04a-bc8c-4531-9d10-706abfe2165d
68	Informtica	wagtail.edit	{}	2024-03-12 14:57:22.232672+00	t	f	57	4	29	1	3e00291b-4eab-4741-a888-a47ed7f8a9d4
69	Informtica	wagtail.publish	{}	2024-03-12 14:57:22.45917+00	t	f	57	4	29	1	3e00291b-4eab-4741-a888-a47ed7f8a9d4
70	Informtica	wagtail.edit	{}	2024-03-12 15:00:23.335429+00	t	f	57	4	30	1	b1aeab54-3b3d-4fda-ad21-1e34412c24e7
71	Informtica	wagtail.publish	{}	2024-03-12 15:00:23.517631+00	t	f	57	4	30	1	b1aeab54-3b3d-4fda-ad21-1e34412c24e7
72	Informtica	wagtail.edit	{}	2024-03-12 15:07:15.223081+00	t	f	57	4	31	1	e52d3790-a56b-4250-876d-3998f2b40560
73	Informtica	wagtail.publish	{}	2024-03-12 15:07:15.403594+00	t	f	57	4	31	1	e52d3790-a56b-4250-876d-3998f2b40560
74	Artes	wagtail.delete	{}	2024-03-12 15:08:26.66005+00	f	t	57	5	\N	1	c869bb17-965c-404b-b9c2-363040be320e
75	ciencias	wagtail.delete	{}	2024-03-12 15:08:26.921663+00	f	t	57	6	\N	1	c869bb17-965c-404b-b9c2-363040be320e
76	Eletronica	wagtail.delete	{}	2024-03-12 15:08:27.097976+00	f	t	57	7	\N	1	c869bb17-965c-404b-b9c2-363040be320e
77	Contabilidade	wagtail.delete	{}	2024-03-12 15:08:27.205468+00	f	t	57	8	\N	1	c869bb17-965c-404b-b9c2-363040be320e
78	Pastelaria	wagtail.delete	{}	2024-03-12 15:08:27.398279+00	f	t	57	9	\N	1	c869bb17-965c-404b-b9c2-363040be320e
79	Marlia	wagtail.delete	{}	2024-03-12 15:08:27.512358+00	f	t	57	10	\N	1	c869bb17-965c-404b-b9c2-363040be320e
80	Diogo	wagtail.delete	{}	2024-03-12 15:08:27.625944+00	f	t	57	11	\N	1	c869bb17-965c-404b-b9c2-363040be320e
81	Informtica	wagtail.edit	{}	2024-03-12 15:09:26.435737+00	t	f	57	4	32	1	36c9e40e-bf15-4696-8e67-48ec7ab4f03b
82	Informtica	wagtail.publish	{}	2024-03-12 15:09:26.614369+00	t	f	57	4	32	1	36c9e40e-bf15-4696-8e67-48ec7ab4f03b
\.


--
-- Data for Name: wagtailcore_pagesubscription; Type: TABLE DATA; Schema: public; Owner: goncalosousa
--

COPY public.wagtailcore_pagesubscription (id, comment_notifications, page_id, user_id) FROM stdin;
1	t	3	2
2	t	4	2
12	f	4	1
\.


--
-- Data for Name: wagtailcore_pageviewrestriction; Type: TABLE DATA; Schema: public; Owner: goncalosousa
--

COPY public.wagtailcore_pageviewrestriction (id, password, page_id, restriction_type) FROM stdin;
\.


--
-- Data for Name: wagtailcore_pageviewrestriction_groups; Type: TABLE DATA; Schema: public; Owner: goncalosousa
--

COPY public.wagtailcore_pageviewrestriction_groups (id, pageviewrestriction_id, group_id) FROM stdin;
\.


--
-- Data for Name: wagtailcore_referenceindex; Type: TABLE DATA; Schema: public; Owner: goncalosousa
--

COPY public.wagtailcore_referenceindex (id, object_id, to_object_id, model_path, content_path, content_path_hash, base_content_type_id, content_type_id, to_content_type_id) FROM stdin;
1	1	1	collection	collection	b40b1263-e929-57f2-a7f8-9dbce56b887b	38	38	20
4	2	1	collection	collection	b40b1263-e929-57f2-a7f8-9dbce56b887b	38	38	20
17	3	1	collection	collection	b40b1263-e929-57f2-a7f8-9dbce56b887b	38	38	20
19	4	1	collection	collection	b40b1263-e929-57f2-a7f8-9dbce56b887b	38	38	20
22	5	1	collection	collection	b40b1263-e929-57f2-a7f8-9dbce56b887b	38	38	20
23	4	5	sliders.item.image_slider	sliders.7.image_slider	ada20baf-8fdb-555b-9ab4-3ee1955b0149	13	57	38
24	6	1	collection	collection	b40b1263-e929-57f2-a7f8-9dbce56b887b	38	38	20
27	4	5	sliders.item.image_slider	sliders.8.image_slider	5896ddb6-dc2c-56a1-8bb1-1b2a93af35ea	13	57	38
28	4	6	sliders.item.paragraph_slider.	sliders.8.paragraph_slider.	b4f16d33-a168-5765-a652-0c61ace3be94	13	57	38
29	4	5	sliders.item.image_slider	sliders.9.image_slider	e63d33cc-2f40-55dc-b6b0-93b6a2e8d2cb	13	57	38
31	4	5	sliders.item.image_slider	sliders.10.image_slider	83fac74a-79b8-5301-a0bd-fae5d2e5d82c	13	57	38
32	7	1	collection	collection	b40b1263-e929-57f2-a7f8-9dbce56b887b	38	38	20
34	8	1	collection	collection	b40b1263-e929-57f2-a7f8-9dbce56b887b	38	38	20
35	4	8	sliders.item.paragraph_slider.	sliders.8.paragraph_slider.	b4f16d33-a168-5765-a652-0c61ace3be94	13	57	38
\.


--
-- Data for Name: wagtailcore_revision; Type: TABLE DATA; Schema: public; Owner: goncalosousa
--

COPY public.wagtailcore_revision (id, submitted_for_moderation, created_at, content, approved_go_live_at, object_id, user_id, content_type_id, base_content_type_id, object_str) FROM stdin;
1	f	2024-02-20 14:11:22.316068+00	{"pk": 3, "body": "", "live": true, "path": "00010001", "slug": "homepage", "depth": 2, "owner": 2, "title": "Homepage", "locale": 1, "locked": false, "expired": false, "alias_of": null, "numchild": 0, "url_path": "/homepage/", "expire_at": null, "locked_at": null, "locked_by": null, "seo_title": "", "go_live_at": null, "draft_title": "Homepage", "content_type": 56, "live_revision": null, "show_in_menus": false, "latest_revision": null, "translation_key": "1cd994ef-3700-4526-aa8a-a426df2965a4", "last_published_at": null, "first_published_at": null, "search_description": "", "wagtail_admin_comments": [], "has_unpublished_changes": false, "latest_revision_created_at": null}	\N	3	2	56	13	Homepage
27	f	2024-03-12 14:47:17.666855+00	{"pk": 4, "live": true, "path": "000100010001", "slug": "informatica", "depth": 3, "owner": 2, "title": "Informtica", "locale": 1, "locked": false, "titulo": "informatica", "expired": false, "sliders": [{"pk": 7, "page": 4, "sort_order": 0, "image_slider": 5, "title_slider": "Introduo", "paragraph_slider": "<p data-block-key=\\"u0mli\\">D o primeiro passo em direo ao futuro! O curso de informtica oferecido pelo Colgio Internato dos Carvalhos proporciona uma jornada enriquecedora e prtica no campo da cincia da computao. Neste curso, irs explorar os fundamentos da programao, mergulhar nas complexidades da administrao de redes e desenvolver skills de frontend. Prepara-te para adquirir competncias essenciais para prosperar no mundo digital, que est em constante evoluo. Junta-te a ns e embarca nesta emocionante jornada rumo ao sucesso na era da tecnologia!</p>"}, {"pk": 8, "page": 4, "sort_order": 1, "image_slider": 5, "title_slider": "Plano de Estudos", "paragraph_slider": "<p data-block-key=\\"7843q\\"></p><embed alt=\\"Screenshot 2024-03-12 at 13.52.55\\" embedtype=\\"image\\" format=\\"left\\" id=\\"6\\"/><p data-block-key=\\"8qpk5\\"></p><embed alt=\\"Screenshot 2024-03-12 at 13.52.55\\" embedtype=\\"image\\" format=\\"right\\" id=\\"6\\"/><p data-block-key=\\"8d0d0\\"></p>"}, {"pk": 9, "page": 4, "sort_order": 2, "image_slider": 5, "title_slider": "Perfil do Tcnico", "paragraph_slider": "<p data-block-key=\\"atkcs\\"><b><i>No final do curso, o aluno deve ser capaz de:</i></b></p><ul><li data-block-key=\\"2u3ii\\">Analisar sistemas de informao e conceber alternativas informticas, indicando os meios tcnicos adequados;</li><li data-block-key=\\"8de9k\\">Integrar uma equipa de desenvolvimento de aplicaes informticas;</li><li data-block-key=\\"tenf\\">Efetuar testes a fim de se certificar se o tratamento da informao se adapta aos fins em vista e, caso contrrio, introduzir as modificaes necessrias;</li><li data-block-key=\\"62u2r\\">Dirigir e coordenar a instalao de sistemas informticos;</li><li data-block-key=\\"694m8\\">Desenvolver aplicaes;</li><li data-block-key=\\"fqt6d\\">Dominar tcnicas de desenvolvimento e implementao de software;</li><li data-block-key=\\"7l70d\\">Conhecer os conceitos de engenharia de software;</li><li data-block-key=\\"lg3d\\">Gerir e administrar bases de dados;</li><li data-block-key=\\"cnt03\\">Desenvolver e implementar solues de Intranet e Internet;</li><li data-block-key=\\"8nlma\\">Efetuar a instalao, configurao e manuteno de computadores, perifricos, redes locais e sistemas operativos.</li></ul>"}], "alias_of": null, "numchild": 0, "url_path": "/homepage/informatica/", "descricao": "informatica", "expire_at": null, "locked_at": null, "locked_by": null, "seo_title": "", "curso_slug": "informatica", "go_live_at": null, "draft_title": "Informtica", "content_type": 57, "live_revision": 26, "show_in_menus": false, "latest_revision": 26, "translation_key": "b0a3b5ca-d400-42b5-bc19-a3ebdc6749b7", "last_published_at": "2024-03-12T14:42:17.165Z", "first_published_at": "2024-02-20T14:18:04.302Z", "search_description": "", "wagtail_admin_comments": [], "has_unpublished_changes": false, "latest_revision_created_at": "2024-03-12T14:42:17.025Z"}	\N	4	1	57	13	informatica
3	f	2024-02-20 14:21:25.103676+00	{"pk": 4, "live": true, "path": "000100010001", "slug": "informatica", "depth": 3, "owner": 2, "title": "Informatica", "locale": 1, "locked": false, "titulo": "informatica", "expired": false, "alias_of": null, "numchild": 0, "url_path": "/homepage/informatica/", "descricao": "Neste curso vais aprender tudo sobre o mundo da informtica e obter bases extremamente importantes para o futuro", "expire_at": null, "locked_at": null, "locked_by": null, "seo_title": "", "curso_slug": "informatica", "go_live_at": null, "draft_title": "Informatica", "content_type": 57, "live_revision": 2, "show_in_menus": false, "latest_revision": 2, "translation_key": "b0a3b5ca-d400-42b5-bc19-a3ebdc6749b7", "last_published_at": "2024-02-20T14:18:04.302Z", "first_published_at": "2024-02-20T14:18:04.302Z", "search_description": "", "wagtail_admin_comments": [], "has_unpublished_changes": false, "latest_revision_created_at": "2024-02-20T14:18:04.256Z"}	\N	4	2	57	13	informatica
32	f	2024-03-12 15:09:26.411231+00	{"pk": 4, "live": true, "path": "000100010001", "slug": "informatica", "depth": 3, "owner": 2, "title": "Informtica", "locale": 1, "locked": false, "titulo": "informatica", "expired": false, "sliders": [{"pk": 7, "page": 4, "sort_order": 0, "image_slider": 5, "title_slider": "Introduo", "paragraph_slider": "<p data-block-key=\\"u0mli\\">D o primeiro passo em direo ao futuro! O curso de informtica oferecido pelo Colgio Internato dos Carvalhos proporciona uma jornada enriquecedora e prtica no campo da cincia da computao. Neste curso, irs explorar os fundamentos da programao, mergulhar nas complexidades da administrao de redes e desenvolver skills de frontend. Prepara-te para adquirir competncias essenciais para prosperar no mundo digital, que est em constante evoluo. Junta-te a ns e embarca nesta emocionante jornada rumo ao sucesso na era da tecnologia!</p>"}, {"pk": 8, "page": 4, "sort_order": 1, "image_slider": 5, "title_slider": "Plano de Estudos", "paragraph_slider": "<p data-block-key=\\"7843q\\"></p><embed alt=\\"Screenshot 2024-03-12 at 13.52.55\\" embedtype=\\"image\\" format=\\"left\\" id=\\"6\\"/><p data-block-key=\\"8qpk5\\"></p><p data-block-key=\\"91qkq\\"></p><p data-block-key=\\"iub5k\\"></p><embed alt=\\"Screenshot 2024-03-12 at 15.08.10\\" embedtype=\\"image\\" format=\\"right\\" id=\\"8\\"/><p data-block-key=\\"cm71s\\"></p><p data-block-key=\\"cj0a2\\"></p><p data-block-key=\\"8d0d0\\"></p>"}, {"pk": 9, "page": 4, "sort_order": 2, "image_slider": 5, "title_slider": "Perfil do Tcnico", "paragraph_slider": "<p data-block-key=\\"atkcs\\"><i>No final do curso, o aluno deve ser capaz de:</i></p><ul><li data-block-key=\\"2u3ii\\">Analisar sistemas de informao e conceber alternativas informticas, indicando os meios tcnicos adequados;</li><li data-block-key=\\"8de9k\\">Integrar uma equipa de desenvolvimento de aplicaes informticas;</li><li data-block-key=\\"tenf\\">Efetuar testes a fim de se certificar se o tratamento da informao se adapta aos fins em vista e, caso contrrio, introduzir as modificaes necessrias;</li><li data-block-key=\\"62u2r\\">Dirigir e coordenar a instalao de sistemas informticos;</li><li data-block-key=\\"694m8\\">Desenvolver aplicaes;</li><li data-block-key=\\"fqt6d\\">Dominar tcnicas de desenvolvimento e implementao de software;</li><li data-block-key=\\"7l70d\\">Conhecer os conceitos de engenharia de software;</li><li data-block-key=\\"lg3d\\">Gerir e administrar bases de dados;</li><li data-block-key=\\"cnt03\\">Desenvolver e implementar solues de Intranet e Internet;</li><li data-block-key=\\"8nlma\\">Efetuar a instalao, configurao e manuteno de computadores, perifricos, redes locais e sistemas operativos.</li></ul>"}, {"pk": 10, "page": 4, "sort_order": 3, "image_slider": 5, "title_slider": "Sadas Profissionais", "paragraph_slider": "<p data-block-key=\\"qkuxc\\"><i>Com a concluso do Curso, o aluno receber um Diploma de Nvel IV, para exercer funes cometidas a quadros intermdios, como:</i></p><ul><li data-block-key=\\"7a66j\\">Analista programador;</li><li data-block-key=\\"e7t6a\\">Programador de aplicaes informticas;</li><li data-block-key=\\"lak1\\">Programador para ambiente Web;</li><li data-block-key=\\"ercua\\">Administrador de redes de computadores;</li><li data-block-key=\\"b17ta\\">Administrador de Bases de Dados;</li><li data-block-key=\\"7oqiq\\">Tcnico de solues e servios informticos;</li><li data-block-key=\\"9p2mu\\">Outras funes ligadas  sua rea de formao profissional.</li></ul>"}], "alias_of": null, "numchild": 0, "url_path": "/homepage/informatica/", "descricao": "informatica", "expire_at": null, "locked_at": null, "locked_by": null, "seo_title": "", "curso_slug": "informatica", "go_live_at": null, "draft_title": "Informtica", "content_type": 57, "live_revision": 31, "show_in_menus": false, "latest_revision": 31, "translation_key": "b0a3b5ca-d400-42b5-bc19-a3ebdc6749b7", "last_published_at": "2024-03-12T15:07:15.290Z", "first_published_at": "2024-02-20T14:18:04.302Z", "search_description": "", "wagtail_admin_comments": [], "has_unpublished_changes": false, "latest_revision_created_at": "2024-03-12T15:07:15.168Z"}	\N	4	1	57	13	informatica
28	f	2024-03-12 14:56:32.646969+00	{"pk": 4, "live": true, "path": "000100010001", "slug": "informatica", "depth": 3, "owner": 2, "title": "Informtica", "locale": 1, "locked": false, "titulo": "informatica", "expired": false, "sliders": [{"pk": 7, "page": 4, "sort_order": 0, "image_slider": 5, "title_slider": "Introduo", "paragraph_slider": "<p data-block-key=\\"u0mli\\">D o primeiro passo em direo ao futuro! O curso de informtica oferecido pelo Colgio Internato dos Carvalhos proporciona uma jornada enriquecedora e prtica no campo da cincia da computao. Neste curso, irs explorar os fundamentos da programao, mergulhar nas complexidades da administrao de redes e desenvolver skills de frontend. Prepara-te para adquirir competncias essenciais para prosperar no mundo digital, que est em constante evoluo. Junta-te a ns e embarca nesta emocionante jornada rumo ao sucesso na era da tecnologia!</p>"}, {"pk": 8, "page": 4, "sort_order": 1, "image_slider": 5, "title_slider": "Plano de Estudos", "paragraph_slider": "<p data-block-key=\\"7843q\\"></p><embed alt=\\"Screenshot 2024-03-12 at 13.52.55\\" embedtype=\\"image\\" format=\\"left\\" id=\\"6\\"/><p data-block-key=\\"8qpk5\\"></p><embed alt=\\"Screenshot 2024-03-12 at 13.52.55\\" embedtype=\\"image\\" format=\\"right\\" id=\\"6\\"/><p data-block-key=\\"8d0d0\\"></p>"}, {"pk": 9, "page": 4, "sort_order": 2, "image_slider": 5, "title_slider": "Perfil do Tcnico", "paragraph_slider": "<p data-block-key=\\"atkcs\\"><b><i>No final do curso, o aluno deve ser capaz de:</i></b></p><ul><li data-block-key=\\"2u3ii\\">Analisar sistemas de informao e conceber alternativas informticas, indicando os meios tcnicos adequados;</li><li data-block-key=\\"8de9k\\">Integrar uma equipa de desenvolvimento de aplicaes informticas;</li><li data-block-key=\\"tenf\\">Efetuar testes a fim de se certificar se o tratamento da informao se adapta aos fins em vista e, caso contrrio, introduzir as modificaes necessrias;</li><li data-block-key=\\"62u2r\\">Dirigir e coordenar a instalao de sistemas informticos;</li><li data-block-key=\\"694m8\\">Desenvolver aplicaes;</li><li data-block-key=\\"fqt6d\\">Dominar tcnicas de desenvolvimento e implementao de software;</li><li data-block-key=\\"7l70d\\">Conhecer os conceitos de engenharia de software;</li><li data-block-key=\\"lg3d\\">Gerir e administrar bases de dados;</li><li data-block-key=\\"cnt03\\">Desenvolver e implementar solues de Intranet e Internet;</li><li data-block-key=\\"8nlma\\">Efetuar a instalao, configurao e manuteno de computadores, perifricos, redes locais e sistemas operativos.</li></ul>"}, {"pk": null, "page": 4, "sort_order": 3, "image_slider": 5, "title_slider": "Sadas Profissionais", "paragraph_slider": "<p data-block-key=\\"qkuxc\\"><b><i>Com a concluso do Curso, o aluno receber um Diploma de Nvel IV, para exercer funes cometidas a quadros intermdios, como:</i></b></p><ul><li data-block-key=\\"7a66j\\">Analista programador;</li><li data-block-key=\\"e7t6a\\">Programador de aplicaes informticas;</li><li data-block-key=\\"lak1\\">Programador para ambiente Web;</li><li data-block-key=\\"ercua\\">Administrador de redes de computadores;</li><li data-block-key=\\"b17ta\\">Administrador de Bases de Dados;</li><li data-block-key=\\"7oqiq\\">Tcnico de solues e servios informticos;</li><li data-block-key=\\"9p2mu\\">Outras funes ligadas  sua rea de formao profissional.</li></ul>"}], "alias_of": null, "numchild": 0, "url_path": "/homepage/informatica/", "descricao": "informatica", "expire_at": null, "locked_at": null, "locked_by": null, "seo_title": "", "curso_slug": "informatica", "go_live_at": null, "draft_title": "Informtica", "content_type": 57, "live_revision": 27, "show_in_menus": false, "latest_revision": 27, "translation_key": "b0a3b5ca-d400-42b5-bc19-a3ebdc6749b7", "last_published_at": "2024-03-12T14:47:17.757Z", "first_published_at": "2024-02-20T14:18:04.302Z", "search_description": "", "wagtail_admin_comments": [], "has_unpublished_changes": false, "latest_revision_created_at": "2024-03-12T14:47:17.666Z"}	\N	4	1	57	13	informatica
2	f	2024-02-20 14:18:04.25633+00	{"pk": 4, "live": true, "path": "000100010001", "slug": "informatica", "depth": 3, "owner": 2, "title": "Informatica", "locale": 1, "locked": false, "titulo": "Informatica", "expired": false, "alias_of": null, "numchild": 0, "url_path": "/homepage/informatica/", "descricao": "Neste curso vais aprender tudo sobre o mundo da informtica e obter bases extremamente importantes para o futuro", "expire_at": null, "locked_at": null, "locked_by": null, "seo_title": "", "curso_slug": "Informatica", "go_live_at": null, "draft_title": "Informatica", "content_type": 57, "live_revision": null, "show_in_menus": false, "latest_revision": null, "translation_key": "b0a3b5ca-d400-42b5-bc19-a3ebdc6749b7", "last_published_at": null, "first_published_at": null, "search_description": "", "wagtail_admin_comments": [], "has_unpublished_changes": false, "latest_revision_created_at": null}	\N	4	2	57	13	Informatica
29	f	2024-03-12 14:57:22.172926+00	{"pk": 4, "live": true, "path": "000100010001", "slug": "informatica", "depth": 3, "owner": 2, "title": "Informtica", "locale": 1, "locked": false, "titulo": "informatica", "expired": false, "sliders": [{"pk": 7, "page": 4, "sort_order": 0, "image_slider": 5, "title_slider": "Introduo", "paragraph_slider": "<p data-block-key=\\"u0mli\\">D o primeiro passo em direo ao futuro! O curso de informtica oferecido pelo Colgio Internato dos Carvalhos proporciona uma jornada enriquecedora e prtica no campo da cincia da computao. Neste curso, irs explorar os fundamentos da programao, mergulhar nas complexidades da administrao de redes e desenvolver skills de frontend. Prepara-te para adquirir competncias essenciais para prosperar no mundo digital, que est em constante evoluo. Junta-te a ns e embarca nesta emocionante jornada rumo ao sucesso na era da tecnologia!</p>"}, {"pk": 8, "page": 4, "sort_order": 1, "image_slider": 5, "title_slider": "Plano de Estudos", "paragraph_slider": "<p data-block-key=\\"7843q\\"></p><embed alt=\\"Screenshot 2024-03-12 at 13.52.55\\" embedtype=\\"image\\" format=\\"left\\" id=\\"6\\"/><p data-block-key=\\"8qpk5\\"></p><embed alt=\\"Screenshot 2024-03-12 at 13.52.55\\" embedtype=\\"image\\" format=\\"right\\" id=\\"6\\"/><p data-block-key=\\"8d0d0\\"></p>"}, {"pk": 9, "page": 4, "sort_order": 2, "image_slider": 5, "title_slider": "Perfil do Tcnico", "paragraph_slider": "<p data-block-key=\\"atkcs\\"><i>No final do curso, o aluno deve ser capaz de:</i></p><ul><li data-block-key=\\"2u3ii\\">Analisar sistemas de informao e conceber alternativas informticas, indicando os meios tcnicos adequados;</li><li data-block-key=\\"8de9k\\">Integrar uma equipa de desenvolvimento de aplicaes informticas;</li><li data-block-key=\\"tenf\\">Efetuar testes a fim de se certificar se o tratamento da informao se adapta aos fins em vista e, caso contrrio, introduzir as modificaes necessrias;</li><li data-block-key=\\"62u2r\\">Dirigir e coordenar a instalao de sistemas informticos;</li><li data-block-key=\\"694m8\\">Desenvolver aplicaes;</li><li data-block-key=\\"fqt6d\\">Dominar tcnicas de desenvolvimento e implementao de software;</li><li data-block-key=\\"7l70d\\">Conhecer os conceitos de engenharia de software;</li><li data-block-key=\\"lg3d\\">Gerir e administrar bases de dados;</li><li data-block-key=\\"cnt03\\">Desenvolver e implementar solues de Intranet e Internet;</li><li data-block-key=\\"8nlma\\">Efetuar a instalao, configurao e manuteno de computadores, perifricos, redes locais e sistemas operativos.</li></ul>"}, {"pk": 10, "page": 4, "sort_order": 3, "image_slider": 5, "title_slider": "Sadas Profissionais", "paragraph_slider": "<p data-block-key=\\"qkuxc\\"><b><i>Com a concluso do Curso, o aluno receber um Diploma de Nvel IV, para exercer funes cometidas a quadros intermdios, como:</i></b></p><ul><li data-block-key=\\"7a66j\\">Analista programador;</li><li data-block-key=\\"e7t6a\\">Programador de aplicaes informticas;</li><li data-block-key=\\"lak1\\">Programador para ambiente Web;</li><li data-block-key=\\"ercua\\">Administrador de redes de computadores;</li><li data-block-key=\\"b17ta\\">Administrador de Bases de Dados;</li><li data-block-key=\\"7oqiq\\">Tcnico de solues e servios informticos;</li><li data-block-key=\\"9p2mu\\">Outras funes ligadas  sua rea de formao profissional.</li></ul>"}], "alias_of": null, "numchild": 0, "url_path": "/homepage/informatica/", "descricao": "informatica", "expire_at": null, "locked_at": null, "locked_by": null, "seo_title": "", "curso_slug": "informatica", "go_live_at": null, "draft_title": "Informtica", "content_type": 57, "live_revision": 28, "show_in_menus": false, "latest_revision": 28, "translation_key": "b0a3b5ca-d400-42b5-bc19-a3ebdc6749b7", "last_published_at": "2024-03-12T14:56:32.829Z", "first_published_at": "2024-02-20T14:18:04.302Z", "search_description": "", "wagtail_admin_comments": [], "has_unpublished_changes": false, "latest_revision_created_at": "2024-03-12T14:56:32.646Z"}	\N	4	1	57	13	informatica
30	f	2024-03-12 15:00:23.27623+00	{"pk": 4, "live": true, "path": "000100010001", "slug": "informatica", "depth": 3, "owner": 2, "title": "Informtica", "locale": 1, "locked": false, "titulo": "informatica", "expired": false, "sliders": [{"pk": 7, "page": 4, "sort_order": 0, "image_slider": 5, "title_slider": "Introduo", "paragraph_slider": "<p data-block-key=\\"u0mli\\">D o primeiro passo em direo ao futuro! O curso de informtica oferecido pelo Colgio Internato dos Carvalhos proporciona uma jornada enriquecedora e prtica no campo da cincia da computao. Neste curso, irs explorar os fundamentos da programao, mergulhar nas complexidades da administrao de redes e desenvolver skills de frontend. Prepara-te para adquirir competncias essenciais para prosperar no mundo digital, que est em constante evoluo. Junta-te a ns e embarca nesta emocionante jornada rumo ao sucesso na era da tecnologia!</p>"}, {"pk": 8, "page": 4, "sort_order": 1, "image_slider": 5, "title_slider": "Plano de Estudos", "paragraph_slider": "<p data-block-key=\\"7843q\\"></p><embed alt=\\"Screenshot 2024-03-12 at 13.52.55\\" embedtype=\\"image\\" format=\\"left\\" id=\\"6\\"/><p data-block-key=\\"8qpk5\\"></p><embed alt=\\"Screenshot 2024-03-12 at 13.52.55\\" embedtype=\\"image\\" format=\\"right\\" id=\\"6\\"/><p data-block-key=\\"8d0d0\\"></p>"}, {"pk": 9, "page": 4, "sort_order": 2, "image_slider": 5, "title_slider": "Perfil do Tcnico", "paragraph_slider": "<p data-block-key=\\"atkcs\\"><i>No final do curso, o aluno deve ser capaz de:</i></p><ul><li data-block-key=\\"2u3ii\\">Analisar sistemas de informao e conceber alternativas informticas, indicando os meios tcnicos adequados;</li><li data-block-key=\\"8de9k\\">Integrar uma equipa de desenvolvimento de aplicaes informticas;</li><li data-block-key=\\"tenf\\">Efetuar testes a fim de se certificar se o tratamento da informao se adapta aos fins em vista e, caso contrrio, introduzir as modificaes necessrias;</li><li data-block-key=\\"62u2r\\">Dirigir e coordenar a instalao de sistemas informticos;</li><li data-block-key=\\"694m8\\">Desenvolver aplicaes;</li><li data-block-key=\\"fqt6d\\">Dominar tcnicas de desenvolvimento e implementao de software;</li><li data-block-key=\\"7l70d\\">Conhecer os conceitos de engenharia de software;</li><li data-block-key=\\"lg3d\\">Gerir e administrar bases de dados;</li><li data-block-key=\\"cnt03\\">Desenvolver e implementar solues de Intranet e Internet;</li><li data-block-key=\\"8nlma\\">Efetuar a instalao, configurao e manuteno de computadores, perifricos, redes locais e sistemas operativos.</li></ul>"}, {"pk": 10, "page": 4, "sort_order": 3, "image_slider": 5, "title_slider": "Sadas Profissionais", "paragraph_slider": "<p data-block-key=\\"qkuxc\\"><i>Com a concluso do Curso, o aluno receber um Diploma de Nvel IV, para exercer funes cometidas a quadros intermdios, como:</i></p><ul><li data-block-key=\\"7a66j\\">Analista programador;</li><li data-block-key=\\"e7t6a\\">Programador de aplicaes informticas;</li><li data-block-key=\\"lak1\\">Programador para ambiente Web;</li><li data-block-key=\\"ercua\\">Administrador de redes de computadores;</li><li data-block-key=\\"b17ta\\">Administrador de Bases de Dados;</li><li data-block-key=\\"7oqiq\\">Tcnico de solues e servios informticos;</li><li data-block-key=\\"9p2mu\\">Outras funes ligadas  sua rea de formao profissional.</li></ul>"}], "alias_of": null, "numchild": 0, "url_path": "/homepage/informatica/", "descricao": "informatica", "expire_at": null, "locked_at": null, "locked_by": null, "seo_title": "", "curso_slug": "informatica", "go_live_at": null, "draft_title": "Informtica", "content_type": 57, "live_revision": 29, "show_in_menus": false, "latest_revision": 29, "translation_key": "b0a3b5ca-d400-42b5-bc19-a3ebdc6749b7", "last_published_at": "2024-03-12T14:57:22.320Z", "first_published_at": "2024-02-20T14:18:04.302Z", "search_description": "", "wagtail_admin_comments": [], "has_unpublished_changes": false, "latest_revision_created_at": "2024-03-12T14:57:22.172Z"}	\N	4	1	57	13	informatica
31	f	2024-03-12 15:07:15.168988+00	{"pk": 4, "live": true, "path": "000100010001", "slug": "informatica", "depth": 3, "owner": 2, "title": "Informtica", "locale": 1, "locked": false, "titulo": "informatica", "expired": false, "sliders": [{"pk": 7, "page": 4, "sort_order": 0, "image_slider": 5, "title_slider": "Introduo", "paragraph_slider": "<p data-block-key=\\"u0mli\\">D o primeiro passo em direo ao futuro! O curso de informtica oferecido pelo Colgio Internato dos Carvalhos proporciona uma jornada enriquecedora e prtica no campo da cincia da computao. Neste curso, irs explorar os fundamentos da programao, mergulhar nas complexidades da administrao de redes e desenvolver skills de frontend. Prepara-te para adquirir competncias essenciais para prosperar no mundo digital, que est em constante evoluo. Junta-te a ns e embarca nesta emocionante jornada rumo ao sucesso na era da tecnologia!</p>"}, {"pk": 8, "page": 4, "sort_order": 1, "image_slider": 5, "title_slider": "Plano de Estudos", "paragraph_slider": "<p data-block-key=\\"7843q\\"></p><embed alt=\\"Screenshot 2024-03-12 at 13.52.55\\" embedtype=\\"image\\" format=\\"left\\" id=\\"6\\"/><p data-block-key=\\"8qpk5\\"></p><p data-block-key=\\"91qkq\\"></p><embed alt=\\"Screenshot 2024-03-12 at 15.06.08\\" embedtype=\\"image\\" format=\\"right\\" id=\\"7\\"/><p data-block-key=\\"cj0a2\\"></p><p data-block-key=\\"8d0d0\\"></p>"}, {"pk": 9, "page": 4, "sort_order": 2, "image_slider": 5, "title_slider": "Perfil do Tcnico", "paragraph_slider": "<p data-block-key=\\"atkcs\\"><i>No final do curso, o aluno deve ser capaz de:</i></p><ul><li data-block-key=\\"2u3ii\\">Analisar sistemas de informao e conceber alternativas informticas, indicando os meios tcnicos adequados;</li><li data-block-key=\\"8de9k\\">Integrar uma equipa de desenvolvimento de aplicaes informticas;</li><li data-block-key=\\"tenf\\">Efetuar testes a fim de se certificar se o tratamento da informao se adapta aos fins em vista e, caso contrrio, introduzir as modificaes necessrias;</li><li data-block-key=\\"62u2r\\">Dirigir e coordenar a instalao de sistemas informticos;</li><li data-block-key=\\"694m8\\">Desenvolver aplicaes;</li><li data-block-key=\\"fqt6d\\">Dominar tcnicas de desenvolvimento e implementao de software;</li><li data-block-key=\\"7l70d\\">Conhecer os conceitos de engenharia de software;</li><li data-block-key=\\"lg3d\\">Gerir e administrar bases de dados;</li><li data-block-key=\\"cnt03\\">Desenvolver e implementar solues de Intranet e Internet;</li><li data-block-key=\\"8nlma\\">Efetuar a instalao, configurao e manuteno de computadores, perifricos, redes locais e sistemas operativos.</li></ul>"}, {"pk": 10, "page": 4, "sort_order": 3, "image_slider": 5, "title_slider": "Sadas Profissionais", "paragraph_slider": "<p data-block-key=\\"qkuxc\\"><i>Com a concluso do Curso, o aluno receber um Diploma de Nvel IV, para exercer funes cometidas a quadros intermdios, como:</i></p><ul><li data-block-key=\\"7a66j\\">Analista programador;</li><li data-block-key=\\"e7t6a\\">Programador de aplicaes informticas;</li><li data-block-key=\\"lak1\\">Programador para ambiente Web;</li><li data-block-key=\\"ercua\\">Administrador de redes de computadores;</li><li data-block-key=\\"b17ta\\">Administrador de Bases de Dados;</li><li data-block-key=\\"7oqiq\\">Tcnico de solues e servios informticos;</li><li data-block-key=\\"9p2mu\\">Outras funes ligadas  sua rea de formao profissional.</li></ul>"}], "alias_of": null, "numchild": 0, "url_path": "/homepage/informatica/", "descricao": "informatica", "expire_at": null, "locked_at": null, "locked_by": null, "seo_title": "", "curso_slug": "informatica", "go_live_at": null, "draft_title": "Informtica", "content_type": 57, "live_revision": 30, "show_in_menus": false, "latest_revision": 30, "translation_key": "b0a3b5ca-d400-42b5-bc19-a3ebdc6749b7", "last_published_at": "2024-03-12T15:00:23.407Z", "first_published_at": "2024-02-20T14:18:04.302Z", "search_description": "", "wagtail_admin_comments": [], "has_unpublished_changes": false, "latest_revision_created_at": "2024-03-12T15:00:23.276Z"}	\N	4	1	57	13	informatica
21	f	2024-03-12 13:53:23.973557+00	{"pk": 4, "live": true, "path": "000100010001", "slug": "informatica", "depth": 3, "owner": 2, "title": "Informtica", "locale": 1, "locked": false, "titulo": "informatica", "expired": false, "sliders": [{"pk": 7, "page": 4, "sort_order": 0, "image_slider": 5, "title_slider": "Introduo", "paragraph_slider": "<p data-block-key=\\"u0mli\\">D o primeiro passo em direo ao futuro! O curso de informtica oferecido pelo Colgio Internato dos Carvalhos proporciona uma jornada enriquecedora e prtica no campo da cincia da computao. Neste curso, irs explorar os fundamentos da programao, mergulhar nas complexidades da administrao de redes e desenvolver skills de frontend. Prepara-te para adquirir competncias essenciais para prosperar no mundo digital, que est em constante evoluo. Junta-te a ns e embarca nesta emocionante jornada rumo ao sucesso na era da tecnologia!</p>"}, {"pk": null, "page": 4, "sort_order": 1, "image_slider": 5, "title_slider": "Plano de Estudos", "paragraph_slider": "<p data-block-key=\\"7843q\\"></p><embed alt=\\"Screenshot 2024-03-12 at 13.52.55\\" embedtype=\\"image\\" format=\\"left\\" id=\\"6\\"/><p data-block-key=\\"8qpk5\\"></p>"}], "alias_of": null, "numchild": 0, "url_path": "/homepage/informatica/", "descricao": "informatica", "expire_at": null, "locked_at": null, "locked_by": null, "seo_title": "", "curso_slug": "informatica", "go_live_at": null, "draft_title": "Informtica", "content_type": 57, "live_revision": 20, "show_in_menus": false, "latest_revision": 20, "translation_key": "b0a3b5ca-d400-42b5-bc19-a3ebdc6749b7", "last_published_at": "2024-03-11T11:36:58.435Z", "first_published_at": "2024-02-20T14:18:04.302Z", "search_description": "", "wagtail_admin_comments": [], "has_unpublished_changes": false, "latest_revision_created_at": "2024-03-11T11:36:58.332Z"}	\N	4	1	57	13	informatica
22	f	2024-03-12 14:12:20.110186+00	{"pk": 4, "live": true, "path": "000100010001", "slug": "informatica", "depth": 3, "owner": 2, "title": "Informtica", "locale": 1, "locked": false, "titulo": "informatica", "expired": false, "sliders": [{"pk": 7, "page": 4, "sort_order": 0, "image_slider": 5, "title_slider": "Introduo", "paragraph_slider": "<p data-block-key=\\"u0mli\\">D o primeiro passo em direo ao futuro! O curso de informtica oferecido pelo Colgio Internato dos Carvalhos proporciona uma jornada enriquecedora e prtica no campo da cincia da computao. Neste curso, irs explorar os fundamentos da programao, mergulhar nas complexidades da administrao de redes e desenvolver skills de frontend. Prepara-te para adquirir competncias essenciais para prosperar no mundo digital, que est em constante evoluo. Junta-te a ns e embarca nesta emocionante jornada rumo ao sucesso na era da tecnologia!</p>"}, {"pk": 8, "page": 4, "sort_order": 1, "image_slider": 5, "title_slider": "Plano de Estudos", "paragraph_slider": "<p data-block-key=\\"7843q\\"></p><embed alt=\\"Screenshot 2024-03-12 at 13.52.55\\" embedtype=\\"image\\" format=\\"left\\" id=\\"6\\"/><p data-block-key=\\"8qpk5\\"></p><embed alt=\\"Screenshot 2024-03-12 at 13.52.55\\" embedtype=\\"image\\" format=\\"right\\" id=\\"6\\"/><p data-block-key=\\"8d0d0\\"></p>"}], "alias_of": null, "numchild": 0, "url_path": "/homepage/informatica/", "descricao": "informatica", "expire_at": null, "locked_at": null, "locked_by": null, "seo_title": "", "curso_slug": "informatica", "go_live_at": null, "draft_title": "Informtica", "content_type": 57, "live_revision": 21, "show_in_menus": false, "latest_revision": 21, "translation_key": "b0a3b5ca-d400-42b5-bc19-a3ebdc6749b7", "last_published_at": "2024-03-12T13:53:24.065Z", "first_published_at": "2024-02-20T14:18:04.302Z", "search_description": "", "wagtail_admin_comments": [], "has_unpublished_changes": false, "latest_revision_created_at": "2024-03-12T13:53:23.973Z"}	\N	4	1	57	13	informatica
23	f	2024-03-12 14:33:45.802138+00	{"pk": 4, "live": true, "path": "000100010001", "slug": "informatica", "depth": 3, "owner": 2, "title": "Informtica", "locale": 1, "locked": false, "titulo": "informatica", "expired": false, "sliders": [{"pk": 7, "page": 4, "sort_order": 0, "image_slider": 5, "title_slider": "Introduo", "paragraph_slider": "<p data-block-key=\\"u0mli\\">D o primeiro passo em direo ao futuro! O curso de informtica oferecido pelo Colgio Internato dos Carvalhos proporciona uma jornada enriquecedora e prtica no campo da cincia da computao. Neste curso, irs explorar os fundamentos da programao, mergulhar nas complexidades da administrao de redes e desenvolver skills de frontend. Prepara-te para adquirir competncias essenciais para prosperar no mundo digital, que est em constante evoluo. Junta-te a ns e embarca nesta emocionante jornada rumo ao sucesso na era da tecnologia!</p>"}, {"pk": 8, "page": 4, "sort_order": 1, "image_slider": 5, "title_slider": "Plano de Estudos", "paragraph_slider": "<p data-block-key=\\"7843q\\"></p><embed alt=\\"Screenshot 2024-03-12 at 13.52.55\\" embedtype=\\"image\\" format=\\"left\\" id=\\"6\\"/><p data-block-key=\\"8qpk5\\"></p><embed alt=\\"Screenshot 2024-03-12 at 13.52.55\\" embedtype=\\"image\\" format=\\"right\\" id=\\"6\\"/><p data-block-key=\\"8d0d0\\"></p>"}, {"pk": null, "page": 4, "sort_order": 2, "image_slider": null, "title_slider": "Perfil do Tcnico", "paragraph_slider": "<p data-block-key=\\"atkcs\\">No final do curso, o aluno deve ser capaz de:</p><ol><li data-block-key=\\"efvb3\\">1. Analisar sistemas de informao e conceber alternativas informticas, indicando os meios tcnicos adequados;</li><li data-block-key=\\"3o4jn\\">Integrar uma equipa de desenvolvimento de aplicaes informticas;</li><li data-block-key=\\"bljpa\\">Efetuar testes a fim de se certificar se o tratamento da informao se adapta aos fins em vista e, caso contrrio, introduzir as modificaes necessrias;</li><li data-block-key=\\"a9fau\\">Dirigir e coordenar a instalao de sistemas informticos;</li><li data-block-key=\\"k7of\\">Desenvolver aplicaes;</li><li data-block-key=\\"1q6k0\\">Dominar tcnicas de desenvolvimento e implementao de software;</li><li data-block-key=\\"244q2\\">Conhecer os conceitos de engenharia de software;</li><li data-block-key=\\"fnqhl\\">Gerir e administrar bases de dados;</li><li data-block-key=\\"2as9r\\">Desenvolver e implementar solues de Intranet e Internet;</li><li data-block-key=\\"75v63\\">Efetuar a instalao, configurao e manuteno de computadores, perifricos, redes locais e sistemas operativos.</li></ol>"}], "alias_of": null, "numchild": 0, "url_path": "/homepage/informatica/", "descricao": "informatica", "expire_at": null, "locked_at": null, "locked_by": null, "seo_title": "", "curso_slug": "informatica", "go_live_at": null, "draft_title": "Informtica", "content_type": 57, "live_revision": 22, "show_in_menus": false, "latest_revision": 22, "translation_key": "b0a3b5ca-d400-42b5-bc19-a3ebdc6749b7", "last_published_at": "2024-03-12T14:12:20.184Z", "first_published_at": "2024-02-20T14:18:04.302Z", "search_description": "", "wagtail_admin_comments": [], "has_unpublished_changes": false, "latest_revision_created_at": "2024-03-12T14:12:20.110Z"}	\N	4	1	57	13	informatica
20	f	2024-03-11 11:36:58.332676+00	{"pk": 4, "live": true, "path": "000100010001", "slug": "informatica", "depth": 3, "owner": 2, "title": "Informtica", "locale": 1, "locked": false, "titulo": "informatica", "expired": false, "sliders": [{"pk": 7, "page": 4, "sort_order": 0, "image_slider": 5, "title_slider": "Introduo", "paragraph_slider": "<p data-block-key=\\"u0mli\\">D o primeiro passo em direo ao futuro! O curso de informtica oferecido pelo Colgio Internato dos Carvalhos proporciona uma jornada enriquecedora e prtica no campo da cincia da computao. Neste curso, irs explorar os fundamentos da programao, mergulhar nas complexidades da administrao de redes e desenvolver skills de frontend. Prepara-te para adquirir competncias essenciais para prosperar no mundo digital, que est em constante evoluo. Junta-te a ns e embarca nesta emocionante jornada rumo ao sucesso na era da tecnologia!</p>"}], "alias_of": null, "numchild": 0, "url_path": "/homepage/informatica/", "descricao": "informatica", "expire_at": null, "locked_at": null, "locked_by": null, "seo_title": "", "curso_slug": "informatica", "go_live_at": null, "draft_title": "Informtica", "content_type": 57, "live_revision": 19, "show_in_menus": false, "latest_revision": 19, "translation_key": "b0a3b5ca-d400-42b5-bc19-a3ebdc6749b7", "last_published_at": "2024-03-11T11:33:53.408Z", "first_published_at": "2024-02-20T14:18:04.302Z", "search_description": "", "wagtail_admin_comments": [], "has_unpublished_changes": false, "latest_revision_created_at": "2024-03-11T11:33:53.341Z"}	\N	4	1	57	13	informatica
24	f	2024-03-12 14:34:03.567076+00	{"pk": 4, "live": true, "path": "000100010001", "slug": "informatica", "depth": 3, "owner": 2, "title": "Informtica", "locale": 1, "locked": false, "titulo": "informatica", "expired": false, "sliders": [{"pk": 7, "page": 4, "sort_order": 0, "image_slider": 5, "title_slider": "Introduo", "paragraph_slider": "<p data-block-key=\\"u0mli\\">D o primeiro passo em direo ao futuro! O curso de informtica oferecido pelo Colgio Internato dos Carvalhos proporciona uma jornada enriquecedora e prtica no campo da cincia da computao. Neste curso, irs explorar os fundamentos da programao, mergulhar nas complexidades da administrao de redes e desenvolver skills de frontend. Prepara-te para adquirir competncias essenciais para prosperar no mundo digital, que est em constante evoluo. Junta-te a ns e embarca nesta emocionante jornada rumo ao sucesso na era da tecnologia!</p>"}, {"pk": 8, "page": 4, "sort_order": 1, "image_slider": 5, "title_slider": "Plano de Estudos", "paragraph_slider": "<p data-block-key=\\"7843q\\"></p><embed alt=\\"Screenshot 2024-03-12 at 13.52.55\\" embedtype=\\"image\\" format=\\"left\\" id=\\"6\\"/><p data-block-key=\\"8qpk5\\"></p><embed alt=\\"Screenshot 2024-03-12 at 13.52.55\\" embedtype=\\"image\\" format=\\"right\\" id=\\"6\\"/><p data-block-key=\\"8d0d0\\"></p>"}, {"pk": 9, "page": 4, "sort_order": 2, "image_slider": 5, "title_slider": "Perfil do Tcnico", "paragraph_slider": "<p data-block-key=\\"atkcs\\">No final do curso, o aluno deve ser capaz de:</p><ol><li data-block-key=\\"efvb3\\">1. Analisar sistemas de informao e conceber alternativas informticas, indicando os meios tcnicos adequados;</li><li data-block-key=\\"3o4jn\\">Integrar uma equipa de desenvolvimento de aplicaes informticas;</li><li data-block-key=\\"bljpa\\">Efetuar testes a fim de se certificar se o tratamento da informao se adapta aos fins em vista e, caso contrrio, introduzir as modificaes necessrias;</li><li data-block-key=\\"a9fau\\">Dirigir e coordenar a instalao de sistemas informticos;</li><li data-block-key=\\"k7of\\">Desenvolver aplicaes;</li><li data-block-key=\\"1q6k0\\">Dominar tcnicas de desenvolvimento e implementao de software;</li><li data-block-key=\\"244q2\\">Conhecer os conceitos de engenharia de software;</li><li data-block-key=\\"fnqhl\\">Gerir e administrar bases de dados;</li><li data-block-key=\\"2as9r\\">Desenvolver e implementar solues de Intranet e Internet;</li><li data-block-key=\\"75v63\\">Efetuar a instalao, configurao e manuteno de computadores, perifricos, redes locais e sistemas operativos.</li></ol>"}], "alias_of": null, "numchild": 0, "url_path": "/homepage/informatica/", "descricao": "informatica", "expire_at": null, "locked_at": null, "locked_by": null, "seo_title": "", "curso_slug": "informatica", "go_live_at": null, "draft_title": "Informtica", "content_type": 57, "live_revision": 23, "show_in_menus": false, "latest_revision": 23, "translation_key": "b0a3b5ca-d400-42b5-bc19-a3ebdc6749b7", "last_published_at": "2024-03-12T14:33:45.953Z", "first_published_at": "2024-02-20T14:18:04.302Z", "search_description": "", "wagtail_admin_comments": [], "has_unpublished_changes": false, "latest_revision_created_at": "2024-03-12T14:33:45.802Z"}	\N	4	1	57	13	informatica
19	f	2024-03-11 11:33:53.341369+00	{"pk": 4, "live": true, "path": "000100010001", "slug": "informatica", "depth": 3, "owner": 2, "title": "Informtica", "locale": 1, "locked": false, "titulo": "informatica", "expired": false, "sliders": [{"pk": null, "page": 4, "sort_order": 0, "image_slider": 4, "title_slider": "Introduo", "paragraph_slider": "<p data-block-key=\\"u0mli\\">D o primeiro passo em direo ao futuro! O curso de informtica oferecido pelo Colgio Internato dos Carvalhos proporciona uma jornada enriquecedora e prtica no campo da cincia da computao. Neste curso, irs explorar os fundamentos da programao, mergulhar nas complexidades da administrao de redes e desenvolver skills de frontend. Prepara-te para adquirir competncias essenciais para prosperar no mundo digital, que est em constante evoluo. Junta-te a ns e embarca nesta emocionante jornada rumo ao sucesso na era da tecnologia!</p>"}], "alias_of": null, "numchild": 0, "url_path": "/homepage/informatica/", "descricao": "informatica", "expire_at": null, "locked_at": null, "locked_by": null, "seo_title": "", "curso_slug": "informatica", "go_live_at": null, "draft_title": "Informatica", "content_type": 57, "live_revision": 3, "show_in_menus": false, "latest_revision": 3, "translation_key": "b0a3b5ca-d400-42b5-bc19-a3ebdc6749b7", "last_published_at": "2024-02-20T14:21:25.165Z", "first_published_at": "2024-02-20T14:18:04.302Z", "search_description": "", "wagtail_admin_comments": [], "has_unpublished_changes": false, "latest_revision_created_at": "2024-02-20T14:21:25.103Z"}	\N	4	1	57	13	informatica
25	f	2024-03-12 14:40:56.084375+00	{"pk": 4, "live": true, "path": "000100010001", "slug": "informatica", "depth": 3, "owner": 2, "title": "Informtica", "locale": 1, "locked": false, "titulo": "informatica", "expired": false, "sliders": [{"pk": 7, "page": 4, "sort_order": 0, "image_slider": 5, "title_slider": "Introduo", "paragraph_slider": "<p data-block-key=\\"u0mli\\">D o primeiro passo em direo ao futuro! O curso de informtica oferecido pelo Colgio Internato dos Carvalhos proporciona uma jornada enriquecedora e prtica no campo da cincia da computao. Neste curso, irs explorar os fundamentos da programao, mergulhar nas complexidades da administrao de redes e desenvolver skills de frontend. Prepara-te para adquirir competncias essenciais para prosperar no mundo digital, que est em constante evoluo. Junta-te a ns e embarca nesta emocionante jornada rumo ao sucesso na era da tecnologia!</p>"}, {"pk": 8, "page": 4, "sort_order": 1, "image_slider": 5, "title_slider": "Plano de Estudos", "paragraph_slider": "<p data-block-key=\\"7843q\\"></p><embed alt=\\"Screenshot 2024-03-12 at 13.52.55\\" embedtype=\\"image\\" format=\\"left\\" id=\\"6\\"/><p data-block-key=\\"8qpk5\\"></p><embed alt=\\"Screenshot 2024-03-12 at 13.52.55\\" embedtype=\\"image\\" format=\\"right\\" id=\\"6\\"/><p data-block-key=\\"8d0d0\\"></p>"}, {"pk": 9, "page": 4, "sort_order": 2, "image_slider": 5, "title_slider": "Perfil do Tcnico", "paragraph_slider": "<p data-block-key=\\"atkcs\\">No final do curso, o aluno deve ser capaz de:</p><p data-block-key=\\"2u3ii\\">Analisar sistemas de informao e conceber alternativas informticas, indicando os meios tcnicos adequados;</p><p data-block-key=\\"8de9k\\">Integrar uma equipa de desenvolvimento de aplicaes informticas;</p><p data-block-key=\\"tenf\\">Efetuar testes a fim de se certificar se o tratamento da informao se adapta aos fins em vista e, caso contrrio, introduzir as modificaes necessrias;</p><p data-block-key=\\"62u2r\\">Dirigir e coordenar a instalao de sistemas informticos;</p><p data-block-key=\\"694m8\\">Desenvolver aplicaes;</p><p data-block-key=\\"fqt6d\\">Dominar tcnicas de desenvolvimento e implementao de software;</p><p data-block-key=\\"7l70d\\">Conhecer os conceitos de engenharia de software;</p><p data-block-key=\\"lg3d\\">Gerir e administrar bases de dados;</p><p data-block-key=\\"cnt03\\">Desenvolver e implementar solues de Intranet e Internet;</p><p data-block-key=\\"8nlma\\">Efetuar a instalao, configurao e manuteno de computadores, perifricos, redes locais e sistemas operativos.</p>"}], "alias_of": null, "numchild": 0, "url_path": "/homepage/informatica/", "descricao": "informatica", "expire_at": null, "locked_at": null, "locked_by": null, "seo_title": "", "curso_slug": "informatica", "go_live_at": null, "draft_title": "Informtica", "content_type": 57, "live_revision": 24, "show_in_menus": false, "latest_revision": 24, "translation_key": "b0a3b5ca-d400-42b5-bc19-a3ebdc6749b7", "last_published_at": "2024-03-12T14:34:03.683Z", "first_published_at": "2024-02-20T14:18:04.302Z", "search_description": "", "wagtail_admin_comments": [], "has_unpublished_changes": false, "latest_revision_created_at": "2024-03-12T14:34:03.567Z"}	\N	4	1	57	13	informatica
26	f	2024-03-12 14:42:17.025415+00	{"pk": 4, "live": true, "path": "000100010001", "slug": "informatica", "depth": 3, "owner": 2, "title": "Informtica", "locale": 1, "locked": false, "titulo": "informatica", "expired": false, "sliders": [{"pk": 7, "page": 4, "sort_order": 0, "image_slider": 5, "title_slider": "Introduo", "paragraph_slider": "<p data-block-key=\\"u0mli\\">D o primeiro passo em direo ao futuro! O curso de informtica oferecido pelo Colgio Internato dos Carvalhos proporciona uma jornada enriquecedora e prtica no campo da cincia da computao. Neste curso, irs explorar os fundamentos da programao, mergulhar nas complexidades da administrao de redes e desenvolver skills de frontend. Prepara-te para adquirir competncias essenciais para prosperar no mundo digital, que est em constante evoluo. Junta-te a ns e embarca nesta emocionante jornada rumo ao sucesso na era da tecnologia!</p>"}, {"pk": 8, "page": 4, "sort_order": 1, "image_slider": 5, "title_slider": "Plano de Estudos", "paragraph_slider": "<p data-block-key=\\"7843q\\"></p><embed alt=\\"Screenshot 2024-03-12 at 13.52.55\\" embedtype=\\"image\\" format=\\"left\\" id=\\"6\\"/><p data-block-key=\\"8qpk5\\"></p><embed alt=\\"Screenshot 2024-03-12 at 13.52.55\\" embedtype=\\"image\\" format=\\"right\\" id=\\"6\\"/><p data-block-key=\\"8d0d0\\"></p>"}, {"pk": 9, "page": 4, "sort_order": 2, "image_slider": 5, "title_slider": "Perfil do Tcnico", "paragraph_slider": "<p data-block-key=\\"atkcs\\">No final do curso, o aluno deve ser capaz de:</p><ul><li data-block-key=\\"2u3ii\\">Analisar sistemas de informao e conceber alternativas informticas, indicando os meios tcnicos adequados;</li><li data-block-key=\\"8de9k\\">Integrar uma equipa de desenvolvimento de aplicaes informticas;</li><li data-block-key=\\"tenf\\">Efetuar testes a fim de se certificar se o tratamento da informao se adapta aos fins em vista e, caso contrrio, introduzir as modificaes necessrias;</li><li data-block-key=\\"62u2r\\">Dirigir e coordenar a instalao de sistemas informticos;</li><li data-block-key=\\"694m8\\">Desenvolver aplicaes;</li><li data-block-key=\\"fqt6d\\">Dominar tcnicas de desenvolvimento e implementao de software;</li><li data-block-key=\\"7l70d\\">Conhecer os conceitos de engenharia de software;</li><li data-block-key=\\"lg3d\\">Gerir e administrar bases de dados;</li><li data-block-key=\\"cnt03\\">Desenvolver e implementar solues de Intranet e Internet;</li><li data-block-key=\\"8nlma\\">Efetuar a instalao, configurao e manuteno de computadores, perifricos, redes locais e sistemas operativos.</li></ul>"}], "alias_of": null, "numchild": 0, "url_path": "/homepage/informatica/", "descricao": "informatica", "expire_at": null, "locked_at": null, "locked_by": null, "seo_title": "", "curso_slug": "informatica", "go_live_at": null, "draft_title": "Informtica", "content_type": 57, "live_revision": 25, "show_in_menus": false, "latest_revision": 25, "translation_key": "b0a3b5ca-d400-42b5-bc19-a3ebdc6749b7", "last_published_at": "2024-03-12T14:40:56.195Z", "first_published_at": "2024-02-20T14:18:04.302Z", "search_description": "", "wagtail_admin_comments": [], "has_unpublished_changes": false, "latest_revision_created_at": "2024-03-12T14:40:56.084Z"}	\N	4	1	57	13	informatica
\.


--
-- Data for Name: wagtailcore_site; Type: TABLE DATA; Schema: public; Owner: goncalosousa
--

COPY public.wagtailcore_site (id, hostname, port, is_default_site, root_page_id, site_name) FROM stdin;
2	localhost:3000	80	t	3	Expocic
\.


--
-- Data for Name: wagtailcore_task; Type: TABLE DATA; Schema: public; Owner: goncalosousa
--

COPY public.wagtailcore_task (id, name, active, content_type_id) FROM stdin;
1	Moderators approval	t	15
\.


--
-- Data for Name: wagtailcore_taskstate; Type: TABLE DATA; Schema: public; Owner: goncalosousa
--

COPY public.wagtailcore_taskstate (id, status, started_at, finished_at, content_type_id, revision_id, task_id, workflow_state_id, finished_by_id, comment) FROM stdin;
\.


--
-- Data for Name: wagtailcore_workflow; Type: TABLE DATA; Schema: public; Owner: goncalosousa
--

COPY public.wagtailcore_workflow (id, name, active) FROM stdin;
1	Moderators approval	t
\.


--
-- Data for Name: wagtailcore_workflowcontenttype; Type: TABLE DATA; Schema: public; Owner: goncalosousa
--

COPY public.wagtailcore_workflowcontenttype (content_type_id, workflow_id) FROM stdin;
\.


--
-- Data for Name: wagtailcore_workflowpage; Type: TABLE DATA; Schema: public; Owner: goncalosousa
--

COPY public.wagtailcore_workflowpage (page_id, workflow_id) FROM stdin;
1	1
\.


--
-- Data for Name: wagtailcore_workflowstate; Type: TABLE DATA; Schema: public; Owner: goncalosousa
--

COPY public.wagtailcore_workflowstate (id, status, created_at, current_task_state_id, object_id, requested_by_id, workflow_id, content_type_id, base_content_type_id) FROM stdin;
\.


--
-- Data for Name: wagtailcore_workflowtask; Type: TABLE DATA; Schema: public; Owner: goncalosousa
--

COPY public.wagtailcore_workflowtask (id, sort_order, task_id, workflow_id) FROM stdin;
1	0	1	1
\.


--
-- Data for Name: wagtaildocs_document; Type: TABLE DATA; Schema: public; Owner: goncalosousa
--

COPY public.wagtaildocs_document (id, title, file, created_at, uploaded_by_user_id, collection_id, file_size, file_hash) FROM stdin;
\.


--
-- Data for Name: wagtaildocs_uploadeddocument; Type: TABLE DATA; Schema: public; Owner: goncalosousa
--

COPY public.wagtaildocs_uploadeddocument (id, file, uploaded_by_user_id) FROM stdin;
\.


--
-- Data for Name: wagtailembeds_embed; Type: TABLE DATA; Schema: public; Owner: goncalosousa
--

COPY public.wagtailembeds_embed (id, url, max_width, type, html, title, author_name, provider_name, thumbnail_url, width, height, last_updated, hash, cache_until) FROM stdin;
\.


--
-- Data for Name: wagtailforms_formsubmission; Type: TABLE DATA; Schema: public; Owner: goncalosousa
--

COPY public.wagtailforms_formsubmission (id, form_data, submit_time, page_id) FROM stdin;
\.


--
-- Data for Name: wagtailimages_image; Type: TABLE DATA; Schema: public; Owner: goncalosousa
--

COPY public.wagtailimages_image (id, title, file, width, height, created_at, focal_point_x, focal_point_y, focal_point_width, focal_point_height, uploaded_by_user_id, file_size, collection_id, file_hash) FROM stdin;
1	download	original_images/download.jpeg	275	183	2024-02-26 11:20:57.909461+00	\N	\N	\N	\N	3	15543	1	3a539f1f03cdad610733c99122eeae547302b906
2	download (1)	original_images/download_1.jpeg	275	183	2024-02-26 11:32:50.980163+00	\N	\N	\N	\N	3	17834	1	f2d6f3b4aa8345c0bcf259cba2dd6d8af6e29bb3
3	image_1	original_images/image_1.png	30	30	2024-03-11 11:14:50.967738+00	\N	\N	\N	\N	1	493	1	897de54e1335d098ee1a6376b691fae6fd1679a8
4	stock-photo-data-science-and-big-data-technology-scientist-computing-analysing-and-visualizing-complex-data-2284126663	original_images/stock-photo-data-science-and-big-data-technology-scientist-computing-analy.jpg	1500	1099	2024-03-11 11:33:49.763436+00	\N	\N	\N	\N	1	211416	1	93efeada399063e7b06a1deb614dccc8253887fc
5	design-de-escritorio-futurista-com-equipamentos-de-informatica-modernos-gerados-por-ia	original_images/design-de-escritorio-futurista-com-equipamentos-de-informatica-modernos-ge.jpg	6067	3467	2024-03-11 11:36:55.794308+00	\N	\N	\N	\N	1	4621960	1	54f0bf559f9c5b3667971387ab67c3d887360e76
6	Screenshot 2024-03-12 at 13.52.55	original_images/Screenshot_2024-03-12_at_13.52.55.png	1190	1646	2024-03-12 13:53:12.9906+00	\N	\N	\N	\N	1	383039	1	47a8c546018bdadcb925b8f5c165ecc2ce0d5100
7	Screenshot 2024-03-12 at 15.06.08	original_images/Screenshot_2024-03-12_at_15.06.08.png	830	1526	2024-03-12 15:06:55.980838+00	\N	\N	\N	\N	1	346655	1	7fd8b3a64d894da8fe04fb065df1e1f397d3a6a3
8	Screenshot 2024-03-12 at 15.08.10	original_images/Screenshot_2024-03-12_at_15.08.10.png	878	1636	2024-03-12 15:09:14.821543+00	\N	\N	\N	\N	1	392856	1	9679f55711ee7bd61c5fdfc30a21b80c4a96cc30
\.


--
-- Data for Name: wagtailimages_rendition; Type: TABLE DATA; Schema: public; Owner: goncalosousa
--

COPY public.wagtailimages_rendition (id, file, width, height, focal_point_key, filter_spec, image_id) FROM stdin;
1	images/download.max-165x165.jpg	165	109		max-165x165	1
2	images/download.width-100.jpg	100	66		width-100	1
3	images/download.width-1920.jpg	275	183		width-1920	1
4	images/download.width-1400.jpg	275	183		width-1400	1
5	images/download_1.max-165x165.jpg	165	109		max-165x165	2
6	images/download_1.width-1400.jpg	275	183		width-1400	2
7	images/download.width-1300.jpg	275	183		width-1300	1
8	images/download_1.width-1300.jpg	275	183		width-1300	2
9	images/download_1.max-800x600.jpg	275	183		max-800x600	2
10	images/download_1.width-800.jpg	275	183		width-800	2
11	images/image_1.max-800x600.png	30	30		max-800x600	3
12	images/image_1.width-800.png	30	30		width-800	3
13	images/image_1.width-500.png	30	30		width-500	3
14	images/image_1.max-165x165.png	30	30		max-165x165	3
15	images/stock-photo-data-science-and-big-data-techno.max-165x165.jpg	165	120		max-165x165	4
16	images/stock-photo-data-science-and-big-data-technol.width-1300.jpg	1300	952		width-1300	4
17	images/design-de-escritorio-futurista-com-equipamen.max-165x165.jpg	165	94		max-165x165	5
18	images/design-de-escritorio-futurista-com-equipament.width-1300.jpg	1300	742		width-1300	5
19	images/Screenshot_2024-03-12_at_13.52.55.max-800x600.png	433	600		max-800x600	6
20	images/Screenshot_2024-03-12_at_13.52.55.width-500.png	500	691		width-500	6
21	images/Screenshot_2024-03-12_at_13.52.55.max-165x165.png	119	165		max-165x165	6
22	images/Screenshot_2024-03-12_at_15.06.08.max-800x600.png	326	600		max-800x600	7
23	images/Screenshot_2024-03-12_at_15.06.08.width-500.png	500	919		width-500	7
24	images/Screenshot_2024-03-12_at_15.06.08.max-165x165.png	89	165		max-165x165	7
25	images/Screenshot_2024-03-12_at_15.08.10.max-800x600.png	322	600		max-800x600	8
26	images/Screenshot_2024-03-12_at_15.08.10.width-500.png	500	931		width-500	8
\.


--
-- Data for Name: wagtailimages_uploadedimage; Type: TABLE DATA; Schema: public; Owner: goncalosousa
--

COPY public.wagtailimages_uploadedimage (id, file, uploaded_by_user_id) FROM stdin;
\.


--
-- Data for Name: wagtailmenus_flatmenu; Type: TABLE DATA; Schema: public; Owner: goncalosousa
--

COPY public.wagtailmenus_flatmenu (id, title, handle, heading, site_id, max_levels) FROM stdin;
\.


--
-- Data for Name: wagtailmenus_flatmenuitem; Type: TABLE DATA; Schema: public; Owner: goncalosousa
--

COPY public.wagtailmenus_flatmenuitem (id, sort_order, link_text, link_url, link_page_id, menu_id, url_append, allow_subnav, handle) FROM stdin;
\.


--
-- Data for Name: wagtailmenus_mainmenu; Type: TABLE DATA; Schema: public; Owner: goncalosousa
--

COPY public.wagtailmenus_mainmenu (id, site_id, max_levels) FROM stdin;
\.


--
-- Data for Name: wagtailmenus_mainmenuitem; Type: TABLE DATA; Schema: public; Owner: goncalosousa
--

COPY public.wagtailmenus_mainmenuitem (id, sort_order, link_text, link_url, link_page_id, menu_id, allow_subnav, url_append, handle) FROM stdin;
\.


--
-- Data for Name: wagtailredirects_redirect; Type: TABLE DATA; Schema: public; Owner: goncalosousa
--

COPY public.wagtailredirects_redirect (id, old_path, is_permanent, redirect_link, redirect_page_id, site_id, automatically_created, created_at, redirect_page_route_path) FROM stdin;
\.


--
-- Data for Name: wagtailsearch_indexentry; Type: TABLE DATA; Schema: public; Owner: goncalosousa
--

COPY public.wagtailsearch_indexentry (id, object_id, title_norm, content_type_id, autocomplete, title, body) FROM stdin;
57	5	0.2222222222222222	38	'com':6 'de':3,8 'design':2 'design-de-escritorio-futurista-com-equipamentos-de-informatica-modernos-gerados-por-ia':1 'equipamentos':7 'escritorio':4 'futurista':5 'gerados':11 'ia':13 'informatica':9 'modernos':10 'por':12	'com':6A 'de':3A,8A 'design':2A 'design-de-escritorio-futurista-com-equipamentos-de-informatica-modernos-gerados-por-ia':1A 'equipamento':7A 'escritorio':4A 'futurista':5A 'gerado':11A 'ia':13A 'informatica':9A 'moderno':10A 'por':12A	
61	6	0.5625	38	'-03':3 '-12':4 '13.52.55':6 '2024':2 'at':5 'screenshot':1	'-03':3A '-12':4A '13.52.55':6A '2024':2A 'screenshot':1A	
2	3	4	56	'homepage':1	'homepag':1B	
45	3	0.5769230769230769	38	'1':2 'image':1	'1':2A 'imag':1A	
94	8	0.8727272727272726	38	'-03':3 '-12':4 '15.08.10':6 '2024':2 'at':5 'screenshot':1	'-03':3A '-12':4A '15.08.10':6A '2024':2A 'screenshot':1A	
5	4	4.363636363636363	57	'informtica':1	'informtica':1B	
1	1	1.1	13	'root':1	'root':1B	
25	1	1.1	38	'download':1	'download':1A	
29	2	0.55	38	'1':2 'download':1	'1':2A 'download':1A	
53	4	0.15384615384615385	38	'2284126663':17 'analysing':12 'and':6,13 'big':7 'complex':15 'computing':11 'data':4,8,16 'photo':3 'science':5 'scientist':10 'stock':2 'stock-photo-data-science-and-big-data-technology-scientist-computing-analysing-and-visualizing-complex-data':1 'technology':9 'visualizing':14	'2284126663':17A 'analys':12A 'big':7A 'complex':15A 'comput':11A 'data':4A,8A,16A 'photo':3A 'scienc':5A 'scientist':10A 'stock':2A 'stock-photo-data-science-and-big-data-technology-scientist-computing-analysing-and-visualizing-complex-data':1A 'technolog':9A 'visual':14A	
83	7	0.5882352941176471	38	'-03':3 '-12':4 '15.06.08':6 '2024':2 'at':5 'screenshot':1	'-03':3A '-12':4A '15.06.08':6A '2024':2A 'screenshot':1A	
\.


--
-- Data for Name: wagtailsearch_query; Type: TABLE DATA; Schema: public; Owner: goncalosousa
--

COPY public.wagtailsearch_query (id, query_string) FROM stdin;
\.


--
-- Data for Name: wagtailsearch_querydailyhits; Type: TABLE DATA; Schema: public; Owner: goncalosousa
--

COPY public.wagtailsearch_querydailyhits (id, date, hits, query_id) FROM stdin;
\.


--
-- Data for Name: wagtailusers_userprofile; Type: TABLE DATA; Schema: public; Owner: goncalosousa
--

COPY public.wagtailusers_userprofile (id, submitted_notifications, approved_notifications, rejected_notifications, user_id, preferred_language, current_time_zone, avatar, updated_comments_notifications, dismissibles, theme) FROM stdin;
\.


--
-- Name: account_emailaddress_id_seq; Type: SEQUENCE SET; Schema: public; Owner: goncalosousa
--

SELECT pg_catalog.setval('public.account_emailaddress_id_seq', 1, false);


--
-- Name: account_emailconfirmation_id_seq; Type: SEQUENCE SET; Schema: public; Owner: goncalosousa
--

SELECT pg_catalog.setval('public.account_emailconfirmation_id_seq', 1, false);


--
-- Name: auth_group_id_seq; Type: SEQUENCE SET; Schema: public; Owner: goncalosousa
--

SELECT pg_catalog.setval('public.auth_group_id_seq', 2, true);


--
-- Name: auth_group_permissions_id_seq; Type: SEQUENCE SET; Schema: public; Owner: goncalosousa
--

SELECT pg_catalog.setval('public.auth_group_permissions_id_seq', 18, true);


--
-- Name: auth_permission_id_seq; Type: SEQUENCE SET; Schema: public; Owner: goncalosousa
--

SELECT pg_catalog.setval('public.auth_permission_id_seq', 235, true);


--
-- Name: courses_sliders_id_seq; Type: SEQUENCE SET; Schema: public; Owner: goncalosousa
--

SELECT pg_catalog.setval('public.courses_sliders_id_seq', 10, true);


--
-- Name: django_admin_log_id_seq; Type: SEQUENCE SET; Schema: public; Owner: goncalosousa
--

SELECT pg_catalog.setval('public.django_admin_log_id_seq', 1, false);


--
-- Name: django_content_type_id_seq; Type: SEQUENCE SET; Schema: public; Owner: goncalosousa
--

SELECT pg_catalog.setval('public.django_content_type_id_seq', 58, true);


--
-- Name: django_migrations_id_seq; Type: SEQUENCE SET; Schema: public; Owner: goncalosousa
--

SELECT pg_catalog.setval('public.django_migrations_id_seq', 241, true);


--
-- Name: django_site_id_seq; Type: SEQUENCE SET; Schema: public; Owner: goncalosousa
--

SELECT pg_catalog.setval('public.django_site_id_seq', 2, false);


--
-- Name: socialaccount_socialaccount_id_seq; Type: SEQUENCE SET; Schema: public; Owner: goncalosousa
--

SELECT pg_catalog.setval('public.socialaccount_socialaccount_id_seq', 1, false);


--
-- Name: socialaccount_socialapp_id_seq; Type: SEQUENCE SET; Schema: public; Owner: goncalosousa
--

SELECT pg_catalog.setval('public.socialaccount_socialapp_id_seq', 1, false);


--
-- Name: socialaccount_socialapp_sites_id_seq; Type: SEQUENCE SET; Schema: public; Owner: goncalosousa
--

SELECT pg_catalog.setval('public.socialaccount_socialapp_sites_id_seq', 1, false);


--
-- Name: socialaccount_socialtoken_id_seq; Type: SEQUENCE SET; Schema: public; Owner: goncalosousa
--

SELECT pg_catalog.setval('public.socialaccount_socialtoken_id_seq', 1, false);


--
-- Name: taggit_tag_id_seq; Type: SEQUENCE SET; Schema: public; Owner: goncalosousa
--

SELECT pg_catalog.setval('public.taggit_tag_id_seq', 1, false);


--
-- Name: taggit_taggeditem_id_seq; Type: SEQUENCE SET; Schema: public; Owner: goncalosousa
--

SELECT pg_catalog.setval('public.taggit_taggeditem_id_seq', 1, false);


--
-- Name: users_user_groups_id_seq; Type: SEQUENCE SET; Schema: public; Owner: goncalosousa
--

SELECT pg_catalog.setval('public.users_user_groups_id_seq', 1, false);


--
-- Name: users_user_id_seq; Type: SEQUENCE SET; Schema: public; Owner: goncalosousa
--

SELECT pg_catalog.setval('public.users_user_id_seq', 3, true);


--
-- Name: users_user_user_permissions_id_seq; Type: SEQUENCE SET; Schema: public; Owner: goncalosousa
--

SELECT pg_catalog.setval('public.users_user_user_permissions_id_seq', 1, false);


--
-- Name: wagtailadmin_admin_id_seq; Type: SEQUENCE SET; Schema: public; Owner: goncalosousa
--

SELECT pg_catalog.setval('public.wagtailadmin_admin_id_seq', 1, false);


--
-- Name: wagtailcore_collection_id_seq; Type: SEQUENCE SET; Schema: public; Owner: goncalosousa
--

SELECT pg_catalog.setval('public.wagtailcore_collection_id_seq', 1, true);


--
-- Name: wagtailcore_collectionviewrestriction_groups_id_seq; Type: SEQUENCE SET; Schema: public; Owner: goncalosousa
--

SELECT pg_catalog.setval('public.wagtailcore_collectionviewrestriction_groups_id_seq', 1, false);


--
-- Name: wagtailcore_collectionviewrestriction_id_seq; Type: SEQUENCE SET; Schema: public; Owner: goncalosousa
--

SELECT pg_catalog.setval('public.wagtailcore_collectionviewrestriction_id_seq', 1, false);


--
-- Name: wagtailcore_comment_id_seq; Type: SEQUENCE SET; Schema: public; Owner: goncalosousa
--

SELECT pg_catalog.setval('public.wagtailcore_comment_id_seq', 1, false);


--
-- Name: wagtailcore_commentreply_id_seq; Type: SEQUENCE SET; Schema: public; Owner: goncalosousa
--

SELECT pg_catalog.setval('public.wagtailcore_commentreply_id_seq', 1, false);


--
-- Name: wagtailcore_groupapprovaltask_groups_id_seq; Type: SEQUENCE SET; Schema: public; Owner: goncalosousa
--

SELECT pg_catalog.setval('public.wagtailcore_groupapprovaltask_groups_id_seq', 1, true);


--
-- Name: wagtailcore_groupcollectionpermission_id_seq; Type: SEQUENCE SET; Schema: public; Owner: goncalosousa
--

SELECT pg_catalog.setval('public.wagtailcore_groupcollectionpermission_id_seq', 12, true);


--
-- Name: wagtailcore_grouppagepermission_id_seq; Type: SEQUENCE SET; Schema: public; Owner: goncalosousa
--

SELECT pg_catalog.setval('public.wagtailcore_grouppagepermission_id_seq', 7, true);


--
-- Name: wagtailcore_locale_id_seq; Type: SEQUENCE SET; Schema: public; Owner: goncalosousa
--

SELECT pg_catalog.setval('public.wagtailcore_locale_id_seq', 1, true);


--
-- Name: wagtailcore_modellogentry_id_seq; Type: SEQUENCE SET; Schema: public; Owner: goncalosousa
--

SELECT pg_catalog.setval('public.wagtailcore_modellogentry_id_seq', 1, true);


--
-- Name: wagtailcore_page_id_seq; Type: SEQUENCE SET; Schema: public; Owner: goncalosousa
--

SELECT pg_catalog.setval('public.wagtailcore_page_id_seq', 11, true);


--
-- Name: wagtailcore_pagelogentry_id_seq; Type: SEQUENCE SET; Schema: public; Owner: goncalosousa
--

SELECT pg_catalog.setval('public.wagtailcore_pagelogentry_id_seq', 82, true);


--
-- Name: wagtailcore_pagerevision_id_seq; Type: SEQUENCE SET; Schema: public; Owner: goncalosousa
--

SELECT pg_catalog.setval('public.wagtailcore_pagerevision_id_seq', 32, true);


--
-- Name: wagtailcore_pagesubscription_id_seq; Type: SEQUENCE SET; Schema: public; Owner: goncalosousa
--

SELECT pg_catalog.setval('public.wagtailcore_pagesubscription_id_seq', 12, true);


--
-- Name: wagtailcore_pageviewrestriction_groups_id_seq; Type: SEQUENCE SET; Schema: public; Owner: goncalosousa
--

SELECT pg_catalog.setval('public.wagtailcore_pageviewrestriction_groups_id_seq', 1, false);


--
-- Name: wagtailcore_pageviewrestriction_id_seq; Type: SEQUENCE SET; Schema: public; Owner: goncalosousa
--

SELECT pg_catalog.setval('public.wagtailcore_pageviewrestriction_id_seq', 1, false);


--
-- Name: wagtailcore_referenceindex_id_seq; Type: SEQUENCE SET; Schema: public; Owner: goncalosousa
--

SELECT pg_catalog.setval('public.wagtailcore_referenceindex_id_seq', 35, true);


--
-- Name: wagtailcore_site_id_seq; Type: SEQUENCE SET; Schema: public; Owner: goncalosousa
--

SELECT pg_catalog.setval('public.wagtailcore_site_id_seq', 2, true);


--
-- Name: wagtailcore_task_id_seq; Type: SEQUENCE SET; Schema: public; Owner: goncalosousa
--

SELECT pg_catalog.setval('public.wagtailcore_task_id_seq', 1, true);


--
-- Name: wagtailcore_taskstate_id_seq; Type: SEQUENCE SET; Schema: public; Owner: goncalosousa
--

SELECT pg_catalog.setval('public.wagtailcore_taskstate_id_seq', 1, false);


--
-- Name: wagtailcore_workflow_id_seq; Type: SEQUENCE SET; Schema: public; Owner: goncalosousa
--

SELECT pg_catalog.setval('public.wagtailcore_workflow_id_seq', 1, true);


--
-- Name: wagtailcore_workflowstate_id_seq; Type: SEQUENCE SET; Schema: public; Owner: goncalosousa
--

SELECT pg_catalog.setval('public.wagtailcore_workflowstate_id_seq', 1, false);


--
-- Name: wagtailcore_workflowtask_id_seq; Type: SEQUENCE SET; Schema: public; Owner: goncalosousa
--

SELECT pg_catalog.setval('public.wagtailcore_workflowtask_id_seq', 1, true);


--
-- Name: wagtaildocs_document_id_seq; Type: SEQUENCE SET; Schema: public; Owner: goncalosousa
--

SELECT pg_catalog.setval('public.wagtaildocs_document_id_seq', 1, false);


--
-- Name: wagtaildocs_uploadeddocument_id_seq; Type: SEQUENCE SET; Schema: public; Owner: goncalosousa
--

SELECT pg_catalog.setval('public.wagtaildocs_uploadeddocument_id_seq', 1, false);


--
-- Name: wagtailembeds_embed_id_seq; Type: SEQUENCE SET; Schema: public; Owner: goncalosousa
--

SELECT pg_catalog.setval('public.wagtailembeds_embed_id_seq', 1, false);


--
-- Name: wagtailforms_formsubmission_id_seq; Type: SEQUENCE SET; Schema: public; Owner: goncalosousa
--

SELECT pg_catalog.setval('public.wagtailforms_formsubmission_id_seq', 1, false);


--
-- Name: wagtailimages_image_id_seq; Type: SEQUENCE SET; Schema: public; Owner: goncalosousa
--

SELECT pg_catalog.setval('public.wagtailimages_image_id_seq', 8, true);


--
-- Name: wagtailimages_rendition_id_seq; Type: SEQUENCE SET; Schema: public; Owner: goncalosousa
--

SELECT pg_catalog.setval('public.wagtailimages_rendition_id_seq', 26, true);


--
-- Name: wagtailimages_uploadedimage_id_seq; Type: SEQUENCE SET; Schema: public; Owner: goncalosousa
--

SELECT pg_catalog.setval('public.wagtailimages_uploadedimage_id_seq', 1, false);


--
-- Name: wagtailmenus_flatmenu_id_seq; Type: SEQUENCE SET; Schema: public; Owner: goncalosousa
--

SELECT pg_catalog.setval('public.wagtailmenus_flatmenu_id_seq', 1, false);


--
-- Name: wagtailmenus_flatmenuitem_id_seq; Type: SEQUENCE SET; Schema: public; Owner: goncalosousa
--

SELECT pg_catalog.setval('public.wagtailmenus_flatmenuitem_id_seq', 1, false);


--
-- Name: wagtailmenus_mainmenu_id_seq; Type: SEQUENCE SET; Schema: public; Owner: goncalosousa
--

SELECT pg_catalog.setval('public.wagtailmenus_mainmenu_id_seq', 1, false);


--
-- Name: wagtailmenus_mainmenuitem_id_seq; Type: SEQUENCE SET; Schema: public; Owner: goncalosousa
--

SELECT pg_catalog.setval('public.wagtailmenus_mainmenuitem_id_seq', 1, false);


--
-- Name: wagtailredirects_redirect_id_seq; Type: SEQUENCE SET; Schema: public; Owner: goncalosousa
--

SELECT pg_catalog.setval('public.wagtailredirects_redirect_id_seq', 1, false);


--
-- Name: wagtailsearch_indexentry_id_seq; Type: SEQUENCE SET; Schema: public; Owner: goncalosousa
--

SELECT pg_catalog.setval('public.wagtailsearch_indexentry_id_seq', 97, true);


--
-- Name: wagtailsearch_query_id_seq; Type: SEQUENCE SET; Schema: public; Owner: goncalosousa
--

SELECT pg_catalog.setval('public.wagtailsearch_query_id_seq', 1, false);


--
-- Name: wagtailsearch_querydailyhits_id_seq; Type: SEQUENCE SET; Schema: public; Owner: goncalosousa
--

SELECT pg_catalog.setval('public.wagtailsearch_querydailyhits_id_seq', 1, false);


--
-- Name: wagtailusers_userprofile_id_seq; Type: SEQUENCE SET; Schema: public; Owner: goncalosousa
--

SELECT pg_catalog.setval('public.wagtailusers_userprofile_id_seq', 1, false);


--
-- Name: account_emailaddress account_emailaddress_pkey; Type: CONSTRAINT; Schema: public; Owner: goncalosousa
--

ALTER TABLE ONLY public.account_emailaddress
    ADD CONSTRAINT account_emailaddress_pkey PRIMARY KEY (id);


--
-- Name: account_emailaddress account_emailaddress_user_id_email_987c8728_uniq; Type: CONSTRAINT; Schema: public; Owner: goncalosousa
--

ALTER TABLE ONLY public.account_emailaddress
    ADD CONSTRAINT account_emailaddress_user_id_email_987c8728_uniq UNIQUE (user_id, email);


--
-- Name: account_emailconfirmation account_emailconfirmation_key_key; Type: CONSTRAINT; Schema: public; Owner: goncalosousa
--

ALTER TABLE ONLY public.account_emailconfirmation
    ADD CONSTRAINT account_emailconfirmation_key_key UNIQUE (key);


--
-- Name: account_emailconfirmation account_emailconfirmation_pkey; Type: CONSTRAINT; Schema: public; Owner: goncalosousa
--

ALTER TABLE ONLY public.account_emailconfirmation
    ADD CONSTRAINT account_emailconfirmation_pkey PRIMARY KEY (id);


--
-- Name: auth_group auth_group_name_key; Type: CONSTRAINT; Schema: public; Owner: goncalosousa
--

ALTER TABLE ONLY public.auth_group
    ADD CONSTRAINT auth_group_name_key UNIQUE (name);


--
-- Name: auth_group_permissions auth_group_permissions_group_id_permission_id_0cd325b0_uniq; Type: CONSTRAINT; Schema: public; Owner: goncalosousa
--

ALTER TABLE ONLY public.auth_group_permissions
    ADD CONSTRAINT auth_group_permissions_group_id_permission_id_0cd325b0_uniq UNIQUE (group_id, permission_id);


--
-- Name: auth_group_permissions auth_group_permissions_pkey; Type: CONSTRAINT; Schema: public; Owner: goncalosousa
--

ALTER TABLE ONLY public.auth_group_permissions
    ADD CONSTRAINT auth_group_permissions_pkey PRIMARY KEY (id);


--
-- Name: auth_group auth_group_pkey; Type: CONSTRAINT; Schema: public; Owner: goncalosousa
--

ALTER TABLE ONLY public.auth_group
    ADD CONSTRAINT auth_group_pkey PRIMARY KEY (id);


--
-- Name: auth_permission auth_permission_content_type_id_codename_01ab375a_uniq; Type: CONSTRAINT; Schema: public; Owner: goncalosousa
--

ALTER TABLE ONLY public.auth_permission
    ADD CONSTRAINT auth_permission_content_type_id_codename_01ab375a_uniq UNIQUE (content_type_id, codename);


--
-- Name: auth_permission auth_permission_pkey; Type: CONSTRAINT; Schema: public; Owner: goncalosousa
--

ALTER TABLE ONLY public.auth_permission
    ADD CONSTRAINT auth_permission_pkey PRIMARY KEY (id);


--
-- Name: courses_cursopage courses_cursopage_curso_slug_key; Type: CONSTRAINT; Schema: public; Owner: goncalosousa
--

ALTER TABLE ONLY public.courses_cursopage
    ADD CONSTRAINT courses_cursopage_curso_slug_key UNIQUE (curso_slug);


--
-- Name: courses_cursopage courses_cursopage_pkey; Type: CONSTRAINT; Schema: public; Owner: goncalosousa
--

ALTER TABLE ONLY public.courses_cursopage
    ADD CONSTRAINT courses_cursopage_pkey PRIMARY KEY (page_ptr_id);


--
-- Name: courses_homepage courses_homepage_pkey; Type: CONSTRAINT; Schema: public; Owner: goncalosousa
--

ALTER TABLE ONLY public.courses_homepage
    ADD CONSTRAINT courses_homepage_pkey PRIMARY KEY (page_ptr_id);


--
-- Name: courses_sliders courses_sliders_pkey; Type: CONSTRAINT; Schema: public; Owner: goncalosousa
--

ALTER TABLE ONLY public.courses_sliders
    ADD CONSTRAINT courses_sliders_pkey PRIMARY KEY (id);


--
-- Name: django_admin_log django_admin_log_pkey; Type: CONSTRAINT; Schema: public; Owner: goncalosousa
--

ALTER TABLE ONLY public.django_admin_log
    ADD CONSTRAINT django_admin_log_pkey PRIMARY KEY (id);


--
-- Name: django_content_type django_content_type_app_label_model_76bd3d3b_uniq; Type: CONSTRAINT; Schema: public; Owner: goncalosousa
--

ALTER TABLE ONLY public.django_content_type
    ADD CONSTRAINT django_content_type_app_label_model_76bd3d3b_uniq UNIQUE (app_label, model);


--
-- Name: django_content_type django_content_type_pkey; Type: CONSTRAINT; Schema: public; Owner: goncalosousa
--

ALTER TABLE ONLY public.django_content_type
    ADD CONSTRAINT django_content_type_pkey PRIMARY KEY (id);


--
-- Name: django_migrations django_migrations_pkey; Type: CONSTRAINT; Schema: public; Owner: goncalosousa
--

ALTER TABLE ONLY public.django_migrations
    ADD CONSTRAINT django_migrations_pkey PRIMARY KEY (id);


--
-- Name: django_session django_session_pkey; Type: CONSTRAINT; Schema: public; Owner: goncalosousa
--

ALTER TABLE ONLY public.django_session
    ADD CONSTRAINT django_session_pkey PRIMARY KEY (session_key);


--
-- Name: django_site django_site_domain_a2e37b91_uniq; Type: CONSTRAINT; Schema: public; Owner: goncalosousa
--

ALTER TABLE ONLY public.django_site
    ADD CONSTRAINT django_site_domain_a2e37b91_uniq UNIQUE (domain);


--
-- Name: django_site django_site_pkey; Type: CONSTRAINT; Schema: public; Owner: goncalosousa
--

ALTER TABLE ONLY public.django_site
    ADD CONSTRAINT django_site_pkey PRIMARY KEY (id);


--
-- Name: socialaccount_socialaccount socialaccount_socialaccount_pkey; Type: CONSTRAINT; Schema: public; Owner: goncalosousa
--

ALTER TABLE ONLY public.socialaccount_socialaccount
    ADD CONSTRAINT socialaccount_socialaccount_pkey PRIMARY KEY (id);


--
-- Name: socialaccount_socialaccount socialaccount_socialaccount_provider_uid_fc810c6e_uniq; Type: CONSTRAINT; Schema: public; Owner: goncalosousa
--

ALTER TABLE ONLY public.socialaccount_socialaccount
    ADD CONSTRAINT socialaccount_socialaccount_provider_uid_fc810c6e_uniq UNIQUE (provider, uid);


--
-- Name: socialaccount_socialapp_sites socialaccount_socialapp__socialapp_id_site_id_71a9a768_uniq; Type: CONSTRAINT; Schema: public; Owner: goncalosousa
--

ALTER TABLE ONLY public.socialaccount_socialapp_sites
    ADD CONSTRAINT socialaccount_socialapp__socialapp_id_site_id_71a9a768_uniq UNIQUE (socialapp_id, site_id);


--
-- Name: socialaccount_socialapp socialaccount_socialapp_pkey; Type: CONSTRAINT; Schema: public; Owner: goncalosousa
--

ALTER TABLE ONLY public.socialaccount_socialapp
    ADD CONSTRAINT socialaccount_socialapp_pkey PRIMARY KEY (id);


--
-- Name: socialaccount_socialapp_sites socialaccount_socialapp_sites_pkey; Type: CONSTRAINT; Schema: public; Owner: goncalosousa
--

ALTER TABLE ONLY public.socialaccount_socialapp_sites
    ADD CONSTRAINT socialaccount_socialapp_sites_pkey PRIMARY KEY (id);


--
-- Name: socialaccount_socialtoken socialaccount_socialtoken_app_id_account_id_fca4e0ac_uniq; Type: CONSTRAINT; Schema: public; Owner: goncalosousa
--

ALTER TABLE ONLY public.socialaccount_socialtoken
    ADD CONSTRAINT socialaccount_socialtoken_app_id_account_id_fca4e0ac_uniq UNIQUE (app_id, account_id);


--
-- Name: socialaccount_socialtoken socialaccount_socialtoken_pkey; Type: CONSTRAINT; Schema: public; Owner: goncalosousa
--

ALTER TABLE ONLY public.socialaccount_socialtoken
    ADD CONSTRAINT socialaccount_socialtoken_pkey PRIMARY KEY (id);


--
-- Name: taggit_tag taggit_tag_name_key; Type: CONSTRAINT; Schema: public; Owner: goncalosousa
--

ALTER TABLE ONLY public.taggit_tag
    ADD CONSTRAINT taggit_tag_name_key UNIQUE (name);


--
-- Name: taggit_tag taggit_tag_pkey; Type: CONSTRAINT; Schema: public; Owner: goncalosousa
--

ALTER TABLE ONLY public.taggit_tag
    ADD CONSTRAINT taggit_tag_pkey PRIMARY KEY (id);


--
-- Name: taggit_tag taggit_tag_slug_key; Type: CONSTRAINT; Schema: public; Owner: goncalosousa
--

ALTER TABLE ONLY public.taggit_tag
    ADD CONSTRAINT taggit_tag_slug_key UNIQUE (slug);


--
-- Name: taggit_taggeditem taggit_taggeditem_content_type_id_object_i_4bb97a8e_uniq; Type: CONSTRAINT; Schema: public; Owner: goncalosousa
--

ALTER TABLE ONLY public.taggit_taggeditem
    ADD CONSTRAINT taggit_taggeditem_content_type_id_object_i_4bb97a8e_uniq UNIQUE (content_type_id, object_id, tag_id);


--
-- Name: taggit_taggeditem taggit_taggeditem_pkey; Type: CONSTRAINT; Schema: public; Owner: goncalosousa
--

ALTER TABLE ONLY public.taggit_taggeditem
    ADD CONSTRAINT taggit_taggeditem_pkey PRIMARY KEY (id);


--
-- Name: wagtailcore_grouppagepermission unique_permission; Type: CONSTRAINT; Schema: public; Owner: goncalosousa
--

ALTER TABLE ONLY public.wagtailcore_grouppagepermission
    ADD CONSTRAINT unique_permission UNIQUE (group_id, page_id, permission_id);


--
-- Name: wagtailcore_grouppagepermission unique_permission_type; Type: CONSTRAINT; Schema: public; Owner: goncalosousa
--

ALTER TABLE ONLY public.wagtailcore_grouppagepermission
    ADD CONSTRAINT unique_permission_type UNIQUE (group_id, page_id, permission_type);


--
-- Name: users_user_groups users_user_groups_pkey; Type: CONSTRAINT; Schema: public; Owner: goncalosousa
--

ALTER TABLE ONLY public.users_user_groups
    ADD CONSTRAINT users_user_groups_pkey PRIMARY KEY (id);


--
-- Name: users_user_groups users_user_groups_user_id_group_id_b88eab82_uniq; Type: CONSTRAINT; Schema: public; Owner: goncalosousa
--

ALTER TABLE ONLY public.users_user_groups
    ADD CONSTRAINT users_user_groups_user_id_group_id_b88eab82_uniq UNIQUE (user_id, group_id);


--
-- Name: users_user users_user_pkey; Type: CONSTRAINT; Schema: public; Owner: goncalosousa
--

ALTER TABLE ONLY public.users_user
    ADD CONSTRAINT users_user_pkey PRIMARY KEY (id);


--
-- Name: users_user_user_permissions users_user_user_permissions_pkey; Type: CONSTRAINT; Schema: public; Owner: goncalosousa
--

ALTER TABLE ONLY public.users_user_user_permissions
    ADD CONSTRAINT users_user_user_permissions_pkey PRIMARY KEY (id);


--
-- Name: users_user_user_permissions users_user_user_permissions_user_id_permission_id_43338c45_uniq; Type: CONSTRAINT; Schema: public; Owner: goncalosousa
--

ALTER TABLE ONLY public.users_user_user_permissions
    ADD CONSTRAINT users_user_user_permissions_user_id_permission_id_43338c45_uniq UNIQUE (user_id, permission_id);


--
-- Name: users_user users_user_username_key; Type: CONSTRAINT; Schema: public; Owner: goncalosousa
--

ALTER TABLE ONLY public.users_user
    ADD CONSTRAINT users_user_username_key UNIQUE (username);


--
-- Name: wagtailadmin_admin wagtailadmin_admin_pkey; Type: CONSTRAINT; Schema: public; Owner: goncalosousa
--

ALTER TABLE ONLY public.wagtailadmin_admin
    ADD CONSTRAINT wagtailadmin_admin_pkey PRIMARY KEY (id);


--
-- Name: wagtailcore_collection wagtailcore_collection_path_key; Type: CONSTRAINT; Schema: public; Owner: goncalosousa
--

ALTER TABLE ONLY public.wagtailcore_collection
    ADD CONSTRAINT wagtailcore_collection_path_key UNIQUE (path);


--
-- Name: wagtailcore_collection wagtailcore_collection_pkey; Type: CONSTRAINT; Schema: public; Owner: goncalosousa
--

ALTER TABLE ONLY public.wagtailcore_collection
    ADD CONSTRAINT wagtailcore_collection_pkey PRIMARY KEY (id);


--
-- Name: wagtailcore_collectionviewrestriction_groups wagtailcore_collectionvi_collectionviewrestrictio_988995ae_uniq; Type: CONSTRAINT; Schema: public; Owner: goncalosousa
--

ALTER TABLE ONLY public.wagtailcore_collectionviewrestriction_groups
    ADD CONSTRAINT wagtailcore_collectionvi_collectionviewrestrictio_988995ae_uniq UNIQUE (collectionviewrestriction_id, group_id);


--
-- Name: wagtailcore_collectionviewrestriction_groups wagtailcore_collectionviewrestriction_groups_pkey; Type: CONSTRAINT; Schema: public; Owner: goncalosousa
--

ALTER TABLE ONLY public.wagtailcore_collectionviewrestriction_groups
    ADD CONSTRAINT wagtailcore_collectionviewrestriction_groups_pkey PRIMARY KEY (id);


--
-- Name: wagtailcore_collectionviewrestriction wagtailcore_collectionviewrestriction_pkey; Type: CONSTRAINT; Schema: public; Owner: goncalosousa
--

ALTER TABLE ONLY public.wagtailcore_collectionviewrestriction
    ADD CONSTRAINT wagtailcore_collectionviewrestriction_pkey PRIMARY KEY (id);


--
-- Name: wagtailcore_comment wagtailcore_comment_pkey; Type: CONSTRAINT; Schema: public; Owner: goncalosousa
--

ALTER TABLE ONLY public.wagtailcore_comment
    ADD CONSTRAINT wagtailcore_comment_pkey PRIMARY KEY (id);


--
-- Name: wagtailcore_commentreply wagtailcore_commentreply_pkey; Type: CONSTRAINT; Schema: public; Owner: goncalosousa
--

ALTER TABLE ONLY public.wagtailcore_commentreply
    ADD CONSTRAINT wagtailcore_commentreply_pkey PRIMARY KEY (id);


--
-- Name: wagtailcore_groupapprovaltask_groups wagtailcore_groupapprova_groupapprovaltask_id_gro_bb5ee7eb_uniq; Type: CONSTRAINT; Schema: public; Owner: goncalosousa
--

ALTER TABLE ONLY public.wagtailcore_groupapprovaltask_groups
    ADD CONSTRAINT wagtailcore_groupapprova_groupapprovaltask_id_gro_bb5ee7eb_uniq UNIQUE (groupapprovaltask_id, group_id);


--
-- Name: wagtailcore_groupapprovaltask_groups wagtailcore_groupapprovaltask_groups_pkey; Type: CONSTRAINT; Schema: public; Owner: goncalosousa
--

ALTER TABLE ONLY public.wagtailcore_groupapprovaltask_groups
    ADD CONSTRAINT wagtailcore_groupapprovaltask_groups_pkey PRIMARY KEY (id);


--
-- Name: wagtailcore_groupapprovaltask wagtailcore_groupapprovaltask_pkey; Type: CONSTRAINT; Schema: public; Owner: goncalosousa
--

ALTER TABLE ONLY public.wagtailcore_groupapprovaltask
    ADD CONSTRAINT wagtailcore_groupapprovaltask_pkey PRIMARY KEY (task_ptr_id);


--
-- Name: wagtailcore_groupcollectionpermission wagtailcore_groupcollect_group_id_collection_id_p_a21cefe9_uniq; Type: CONSTRAINT; Schema: public; Owner: goncalosousa
--

ALTER TABLE ONLY public.wagtailcore_groupcollectionpermission
    ADD CONSTRAINT wagtailcore_groupcollect_group_id_collection_id_p_a21cefe9_uniq UNIQUE (group_id, collection_id, permission_id);


--
-- Name: wagtailcore_groupcollectionpermission wagtailcore_groupcollectionpermission_pkey; Type: CONSTRAINT; Schema: public; Owner: goncalosousa
--

ALTER TABLE ONLY public.wagtailcore_groupcollectionpermission
    ADD CONSTRAINT wagtailcore_groupcollectionpermission_pkey PRIMARY KEY (id);


--
-- Name: wagtailcore_grouppagepermission wagtailcore_grouppagepermission_pkey; Type: CONSTRAINT; Schema: public; Owner: goncalosousa
--

ALTER TABLE ONLY public.wagtailcore_grouppagepermission
    ADD CONSTRAINT wagtailcore_grouppagepermission_pkey PRIMARY KEY (id);


--
-- Name: wagtailcore_locale wagtailcore_locale_language_code_key; Type: CONSTRAINT; Schema: public; Owner: goncalosousa
--

ALTER TABLE ONLY public.wagtailcore_locale
    ADD CONSTRAINT wagtailcore_locale_language_code_key UNIQUE (language_code);


--
-- Name: wagtailcore_locale wagtailcore_locale_pkey; Type: CONSTRAINT; Schema: public; Owner: goncalosousa
--

ALTER TABLE ONLY public.wagtailcore_locale
    ADD CONSTRAINT wagtailcore_locale_pkey PRIMARY KEY (id);


--
-- Name: wagtailcore_modellogentry wagtailcore_modellogentry_pkey; Type: CONSTRAINT; Schema: public; Owner: goncalosousa
--

ALTER TABLE ONLY public.wagtailcore_modellogentry
    ADD CONSTRAINT wagtailcore_modellogentry_pkey PRIMARY KEY (id);


--
-- Name: wagtailcore_page wagtailcore_page_path_key; Type: CONSTRAINT; Schema: public; Owner: goncalosousa
--

ALTER TABLE ONLY public.wagtailcore_page
    ADD CONSTRAINT wagtailcore_page_path_key UNIQUE (path);


--
-- Name: wagtailcore_page wagtailcore_page_pkey; Type: CONSTRAINT; Schema: public; Owner: goncalosousa
--

ALTER TABLE ONLY public.wagtailcore_page
    ADD CONSTRAINT wagtailcore_page_pkey PRIMARY KEY (id);


--
-- Name: wagtailcore_page wagtailcore_page_translation_key_locale_id_9b041bad_uniq; Type: CONSTRAINT; Schema: public; Owner: goncalosousa
--

ALTER TABLE ONLY public.wagtailcore_page
    ADD CONSTRAINT wagtailcore_page_translation_key_locale_id_9b041bad_uniq UNIQUE (translation_key, locale_id);


--
-- Name: wagtailcore_pagelogentry wagtailcore_pagelogentry_pkey; Type: CONSTRAINT; Schema: public; Owner: goncalosousa
--

ALTER TABLE ONLY public.wagtailcore_pagelogentry
    ADD CONSTRAINT wagtailcore_pagelogentry_pkey PRIMARY KEY (id);


--
-- Name: wagtailcore_revision wagtailcore_pagerevision_pkey; Type: CONSTRAINT; Schema: public; Owner: goncalosousa
--

ALTER TABLE ONLY public.wagtailcore_revision
    ADD CONSTRAINT wagtailcore_pagerevision_pkey PRIMARY KEY (id);


--
-- Name: wagtailcore_pagesubscription wagtailcore_pagesubscription_page_id_user_id_0cef73ed_uniq; Type: CONSTRAINT; Schema: public; Owner: goncalosousa
--

ALTER TABLE ONLY public.wagtailcore_pagesubscription
    ADD CONSTRAINT wagtailcore_pagesubscription_page_id_user_id_0cef73ed_uniq UNIQUE (page_id, user_id);


--
-- Name: wagtailcore_pagesubscription wagtailcore_pagesubscription_pkey; Type: CONSTRAINT; Schema: public; Owner: goncalosousa
--

ALTER TABLE ONLY public.wagtailcore_pagesubscription
    ADD CONSTRAINT wagtailcore_pagesubscription_pkey PRIMARY KEY (id);


--
-- Name: wagtailcore_pageviewrestriction_groups wagtailcore_pageviewrest_pageviewrestriction_id_g_d23f80bb_uniq; Type: CONSTRAINT; Schema: public; Owner: goncalosousa
--

ALTER TABLE ONLY public.wagtailcore_pageviewrestriction_groups
    ADD CONSTRAINT wagtailcore_pageviewrest_pageviewrestriction_id_g_d23f80bb_uniq UNIQUE (pageviewrestriction_id, group_id);


--
-- Name: wagtailcore_pageviewrestriction_groups wagtailcore_pageviewrestriction_groups_pkey; Type: CONSTRAINT; Schema: public; Owner: goncalosousa
--

ALTER TABLE ONLY public.wagtailcore_pageviewrestriction_groups
    ADD CONSTRAINT wagtailcore_pageviewrestriction_groups_pkey PRIMARY KEY (id);


--
-- Name: wagtailcore_pageviewrestriction wagtailcore_pageviewrestriction_pkey; Type: CONSTRAINT; Schema: public; Owner: goncalosousa
--

ALTER TABLE ONLY public.wagtailcore_pageviewrestriction
    ADD CONSTRAINT wagtailcore_pageviewrestriction_pkey PRIMARY KEY (id);


--
-- Name: wagtailcore_referenceindex wagtailcore_referenceind_base_content_type_id_obj_9e6ccd6a_uniq; Type: CONSTRAINT; Schema: public; Owner: goncalosousa
--

ALTER TABLE ONLY public.wagtailcore_referenceindex
    ADD CONSTRAINT wagtailcore_referenceind_base_content_type_id_obj_9e6ccd6a_uniq UNIQUE (base_content_type_id, object_id, to_content_type_id, to_object_id, content_path_hash);


--
-- Name: wagtailcore_referenceindex wagtailcore_referenceindex_pkey; Type: CONSTRAINT; Schema: public; Owner: goncalosousa
--

ALTER TABLE ONLY public.wagtailcore_referenceindex
    ADD CONSTRAINT wagtailcore_referenceindex_pkey PRIMARY KEY (id);


--
-- Name: wagtailcore_site wagtailcore_site_hostname_port_2c626d70_uniq; Type: CONSTRAINT; Schema: public; Owner: goncalosousa
--

ALTER TABLE ONLY public.wagtailcore_site
    ADD CONSTRAINT wagtailcore_site_hostname_port_2c626d70_uniq UNIQUE (hostname, port);


--
-- Name: wagtailcore_site wagtailcore_site_pkey; Type: CONSTRAINT; Schema: public; Owner: goncalosousa
--

ALTER TABLE ONLY public.wagtailcore_site
    ADD CONSTRAINT wagtailcore_site_pkey PRIMARY KEY (id);


--
-- Name: wagtailcore_task wagtailcore_task_pkey; Type: CONSTRAINT; Schema: public; Owner: goncalosousa
--

ALTER TABLE ONLY public.wagtailcore_task
    ADD CONSTRAINT wagtailcore_task_pkey PRIMARY KEY (id);


--
-- Name: wagtailcore_taskstate wagtailcore_taskstate_pkey; Type: CONSTRAINT; Schema: public; Owner: goncalosousa
--

ALTER TABLE ONLY public.wagtailcore_taskstate
    ADD CONSTRAINT wagtailcore_taskstate_pkey PRIMARY KEY (id);


--
-- Name: wagtailcore_workflow wagtailcore_workflow_pkey; Type: CONSTRAINT; Schema: public; Owner: goncalosousa
--

ALTER TABLE ONLY public.wagtailcore_workflow
    ADD CONSTRAINT wagtailcore_workflow_pkey PRIMARY KEY (id);


--
-- Name: wagtailcore_workflowcontenttype wagtailcore_workflowcontenttype_pkey; Type: CONSTRAINT; Schema: public; Owner: goncalosousa
--

ALTER TABLE ONLY public.wagtailcore_workflowcontenttype
    ADD CONSTRAINT wagtailcore_workflowcontenttype_pkey PRIMARY KEY (content_type_id);


--
-- Name: wagtailcore_workflowpage wagtailcore_workflowpage_pkey; Type: CONSTRAINT; Schema: public; Owner: goncalosousa
--

ALTER TABLE ONLY public.wagtailcore_workflowpage
    ADD CONSTRAINT wagtailcore_workflowpage_pkey PRIMARY KEY (page_id);


--
-- Name: wagtailcore_workflowstate wagtailcore_workflowstate_current_task_state_id_key; Type: CONSTRAINT; Schema: public; Owner: goncalosousa
--

ALTER TABLE ONLY public.wagtailcore_workflowstate
    ADD CONSTRAINT wagtailcore_workflowstate_current_task_state_id_key UNIQUE (current_task_state_id);


--
-- Name: wagtailcore_workflowstate wagtailcore_workflowstate_pkey; Type: CONSTRAINT; Schema: public; Owner: goncalosousa
--

ALTER TABLE ONLY public.wagtailcore_workflowstate
    ADD CONSTRAINT wagtailcore_workflowstate_pkey PRIMARY KEY (id);


--
-- Name: wagtailcore_workflowtask wagtailcore_workflowtask_pkey; Type: CONSTRAINT; Schema: public; Owner: goncalosousa
--

ALTER TABLE ONLY public.wagtailcore_workflowtask
    ADD CONSTRAINT wagtailcore_workflowtask_pkey PRIMARY KEY (id);


--
-- Name: wagtailcore_workflowtask wagtailcore_workflowtask_workflow_id_task_id_4ec7a62b_uniq; Type: CONSTRAINT; Schema: public; Owner: goncalosousa
--

ALTER TABLE ONLY public.wagtailcore_workflowtask
    ADD CONSTRAINT wagtailcore_workflowtask_workflow_id_task_id_4ec7a62b_uniq UNIQUE (workflow_id, task_id);


--
-- Name: wagtaildocs_document wagtaildocs_document_pkey; Type: CONSTRAINT; Schema: public; Owner: goncalosousa
--

ALTER TABLE ONLY public.wagtaildocs_document
    ADD CONSTRAINT wagtaildocs_document_pkey PRIMARY KEY (id);


--
-- Name: wagtaildocs_uploadeddocument wagtaildocs_uploadeddocument_pkey; Type: CONSTRAINT; Schema: public; Owner: goncalosousa
--

ALTER TABLE ONLY public.wagtaildocs_uploadeddocument
    ADD CONSTRAINT wagtaildocs_uploadeddocument_pkey PRIMARY KEY (id);


--
-- Name: wagtailembeds_embed wagtailembeds_embed_hash_c9bd8c9a_uniq; Type: CONSTRAINT; Schema: public; Owner: goncalosousa
--

ALTER TABLE ONLY public.wagtailembeds_embed
    ADD CONSTRAINT wagtailembeds_embed_hash_c9bd8c9a_uniq UNIQUE (hash);


--
-- Name: wagtailembeds_embed wagtailembeds_embed_pkey; Type: CONSTRAINT; Schema: public; Owner: goncalosousa
--

ALTER TABLE ONLY public.wagtailembeds_embed
    ADD CONSTRAINT wagtailembeds_embed_pkey PRIMARY KEY (id);


--
-- Name: wagtailforms_formsubmission wagtailforms_formsubmission_pkey; Type: CONSTRAINT; Schema: public; Owner: goncalosousa
--

ALTER TABLE ONLY public.wagtailforms_formsubmission
    ADD CONSTRAINT wagtailforms_formsubmission_pkey PRIMARY KEY (id);


--
-- Name: wagtailimages_image wagtailimages_image_pkey; Type: CONSTRAINT; Schema: public; Owner: goncalosousa
--

ALTER TABLE ONLY public.wagtailimages_image
    ADD CONSTRAINT wagtailimages_image_pkey PRIMARY KEY (id);


--
-- Name: wagtailimages_rendition wagtailimages_rendition_image_id_filter_spec_foc_323c8fe0_uniq; Type: CONSTRAINT; Schema: public; Owner: goncalosousa
--

ALTER TABLE ONLY public.wagtailimages_rendition
    ADD CONSTRAINT wagtailimages_rendition_image_id_filter_spec_foc_323c8fe0_uniq UNIQUE (image_id, filter_spec, focal_point_key);


--
-- Name: wagtailimages_rendition wagtailimages_rendition_pkey; Type: CONSTRAINT; Schema: public; Owner: goncalosousa
--

ALTER TABLE ONLY public.wagtailimages_rendition
    ADD CONSTRAINT wagtailimages_rendition_pkey PRIMARY KEY (id);


--
-- Name: wagtailimages_uploadedimage wagtailimages_uploadedimage_pkey; Type: CONSTRAINT; Schema: public; Owner: goncalosousa
--

ALTER TABLE ONLY public.wagtailimages_uploadedimage
    ADD CONSTRAINT wagtailimages_uploadedimage_pkey PRIMARY KEY (id);


--
-- Name: wagtailmenus_flatmenu wagtailmenus_flatmenu_pkey; Type: CONSTRAINT; Schema: public; Owner: goncalosousa
--

ALTER TABLE ONLY public.wagtailmenus_flatmenu
    ADD CONSTRAINT wagtailmenus_flatmenu_pkey PRIMARY KEY (id);


--
-- Name: wagtailmenus_flatmenu wagtailmenus_flatmenu_site_id_handle_7b0cab3a_uniq; Type: CONSTRAINT; Schema: public; Owner: goncalosousa
--

ALTER TABLE ONLY public.wagtailmenus_flatmenu
    ADD CONSTRAINT wagtailmenus_flatmenu_site_id_handle_7b0cab3a_uniq UNIQUE (site_id, handle);


--
-- Name: wagtailmenus_flatmenuitem wagtailmenus_flatmenuitem_pkey; Type: CONSTRAINT; Schema: public; Owner: goncalosousa
--

ALTER TABLE ONLY public.wagtailmenus_flatmenuitem
    ADD CONSTRAINT wagtailmenus_flatmenuitem_pkey PRIMARY KEY (id);


--
-- Name: wagtailmenus_mainmenu wagtailmenus_mainmenu_pkey; Type: CONSTRAINT; Schema: public; Owner: goncalosousa
--

ALTER TABLE ONLY public.wagtailmenus_mainmenu
    ADD CONSTRAINT wagtailmenus_mainmenu_pkey PRIMARY KEY (id);


--
-- Name: wagtailmenus_mainmenu wagtailmenus_mainmenu_site_id_key; Type: CONSTRAINT; Schema: public; Owner: goncalosousa
--

ALTER TABLE ONLY public.wagtailmenus_mainmenu
    ADD CONSTRAINT wagtailmenus_mainmenu_site_id_key UNIQUE (site_id);


--
-- Name: wagtailmenus_mainmenuitem wagtailmenus_mainmenuitem_pkey; Type: CONSTRAINT; Schema: public; Owner: goncalosousa
--

ALTER TABLE ONLY public.wagtailmenus_mainmenuitem
    ADD CONSTRAINT wagtailmenus_mainmenuitem_pkey PRIMARY KEY (id);


--
-- Name: wagtailredirects_redirect wagtailredirects_redirect_old_path_site_id_783622d7_uniq; Type: CONSTRAINT; Schema: public; Owner: goncalosousa
--

ALTER TABLE ONLY public.wagtailredirects_redirect
    ADD CONSTRAINT wagtailredirects_redirect_old_path_site_id_783622d7_uniq UNIQUE (old_path, site_id);


--
-- Name: wagtailredirects_redirect wagtailredirects_redirect_pkey; Type: CONSTRAINT; Schema: public; Owner: goncalosousa
--

ALTER TABLE ONLY public.wagtailredirects_redirect
    ADD CONSTRAINT wagtailredirects_redirect_pkey PRIMARY KEY (id);


--
-- Name: wagtailsearch_indexentry wagtailsearch_indexentry_content_type_id_object_i_bcd7ba73_uniq; Type: CONSTRAINT; Schema: public; Owner: goncalosousa
--

ALTER TABLE ONLY public.wagtailsearch_indexentry
    ADD CONSTRAINT wagtailsearch_indexentry_content_type_id_object_i_bcd7ba73_uniq UNIQUE (content_type_id, object_id);


--
-- Name: wagtailsearch_indexentry wagtailsearch_indexentry_pkey; Type: CONSTRAINT; Schema: public; Owner: goncalosousa
--

ALTER TABLE ONLY public.wagtailsearch_indexentry
    ADD CONSTRAINT wagtailsearch_indexentry_pkey PRIMARY KEY (id);


--
-- Name: wagtailsearch_query wagtailsearch_query_pkey; Type: CONSTRAINT; Schema: public; Owner: goncalosousa
--

ALTER TABLE ONLY public.wagtailsearch_query
    ADD CONSTRAINT wagtailsearch_query_pkey PRIMARY KEY (id);


--
-- Name: wagtailsearch_query wagtailsearch_query_query_string_key; Type: CONSTRAINT; Schema: public; Owner: goncalosousa
--

ALTER TABLE ONLY public.wagtailsearch_query
    ADD CONSTRAINT wagtailsearch_query_query_string_key UNIQUE (query_string);


--
-- Name: wagtailsearch_querydailyhits wagtailsearch_querydailyhits_pkey; Type: CONSTRAINT; Schema: public; Owner: goncalosousa
--

ALTER TABLE ONLY public.wagtailsearch_querydailyhits
    ADD CONSTRAINT wagtailsearch_querydailyhits_pkey PRIMARY KEY (id);


--
-- Name: wagtailsearch_querydailyhits wagtailsearch_querydailyhits_query_id_date_1dd232e6_uniq; Type: CONSTRAINT; Schema: public; Owner: goncalosousa
--

ALTER TABLE ONLY public.wagtailsearch_querydailyhits
    ADD CONSTRAINT wagtailsearch_querydailyhits_query_id_date_1dd232e6_uniq UNIQUE (query_id, date);


--
-- Name: wagtailusers_userprofile wagtailusers_userprofile_pkey; Type: CONSTRAINT; Schema: public; Owner: goncalosousa
--

ALTER TABLE ONLY public.wagtailusers_userprofile
    ADD CONSTRAINT wagtailusers_userprofile_pkey PRIMARY KEY (id);


--
-- Name: wagtailusers_userprofile wagtailusers_userprofile_user_id_key; Type: CONSTRAINT; Schema: public; Owner: goncalosousa
--

ALTER TABLE ONLY public.wagtailusers_userprofile
    ADD CONSTRAINT wagtailusers_userprofile_user_id_key UNIQUE (user_id);


--
-- Name: account_emailaddress_upper; Type: INDEX; Schema: public; Owner: goncalosousa
--

CREATE INDEX account_emailaddress_upper ON public.account_emailaddress USING btree (upper((email)::text));


--
-- Name: account_emailaddress_user_id_2c513194; Type: INDEX; Schema: public; Owner: goncalosousa
--

CREATE INDEX account_emailaddress_user_id_2c513194 ON public.account_emailaddress USING btree (user_id);


--
-- Name: account_emailconfirmation_email_address_id_5b7f8c58; Type: INDEX; Schema: public; Owner: goncalosousa
--

CREATE INDEX account_emailconfirmation_email_address_id_5b7f8c58 ON public.account_emailconfirmation USING btree (email_address_id);


--
-- Name: account_emailconfirmation_key_f43612bd_like; Type: INDEX; Schema: public; Owner: goncalosousa
--

CREATE INDEX account_emailconfirmation_key_f43612bd_like ON public.account_emailconfirmation USING btree (key varchar_pattern_ops);


--
-- Name: auth_group_name_a6ea08ec_like; Type: INDEX; Schema: public; Owner: goncalosousa
--

CREATE INDEX auth_group_name_a6ea08ec_like ON public.auth_group USING btree (name varchar_pattern_ops);


--
-- Name: auth_group_permissions_group_id_b120cbf9; Type: INDEX; Schema: public; Owner: goncalosousa
--

CREATE INDEX auth_group_permissions_group_id_b120cbf9 ON public.auth_group_permissions USING btree (group_id);


--
-- Name: auth_group_permissions_permission_id_84c5c92e; Type: INDEX; Schema: public; Owner: goncalosousa
--

CREATE INDEX auth_group_permissions_permission_id_84c5c92e ON public.auth_group_permissions USING btree (permission_id);


--
-- Name: auth_permission_content_type_id_2f476e4b; Type: INDEX; Schema: public; Owner: goncalosousa
--

CREATE INDEX auth_permission_content_type_id_2f476e4b ON public.auth_permission USING btree (content_type_id);


--
-- Name: base_content_object_idx; Type: INDEX; Schema: public; Owner: goncalosousa
--

CREATE INDEX base_content_object_idx ON public.wagtailcore_revision USING btree (base_content_type_id, object_id);


--
-- Name: content_object_idx; Type: INDEX; Schema: public; Owner: goncalosousa
--

CREATE INDEX content_object_idx ON public.wagtailcore_revision USING btree (content_type_id, object_id);


--
-- Name: courses_cursopage_curso_slug_c58fce88_like; Type: INDEX; Schema: public; Owner: goncalosousa
--

CREATE INDEX courses_cursopage_curso_slug_c58fce88_like ON public.courses_cursopage USING btree (curso_slug varchar_pattern_ops);


--
-- Name: courses_sliders_image_slider_id_99ae8c7f; Type: INDEX; Schema: public; Owner: goncalosousa
--

CREATE INDEX courses_sliders_image_slider_id_99ae8c7f ON public.courses_sliders USING btree (image_slider_id);


--
-- Name: courses_sliders_page_id_08d8ab79; Type: INDEX; Schema: public; Owner: goncalosousa
--

CREATE INDEX courses_sliders_page_id_08d8ab79 ON public.courses_sliders USING btree (page_id);


--
-- Name: django_admin_log_content_type_id_c4bce8eb; Type: INDEX; Schema: public; Owner: goncalosousa
--

CREATE INDEX django_admin_log_content_type_id_c4bce8eb ON public.django_admin_log USING btree (content_type_id);


--
-- Name: django_admin_log_user_id_c564eba6; Type: INDEX; Schema: public; Owner: goncalosousa
--

CREATE INDEX django_admin_log_user_id_c564eba6 ON public.django_admin_log USING btree (user_id);


--
-- Name: django_session_expire_date_a5c62663; Type: INDEX; Schema: public; Owner: goncalosousa
--

CREATE INDEX django_session_expire_date_a5c62663 ON public.django_session USING btree (expire_date);


--
-- Name: django_session_session_key_c0390e0f_like; Type: INDEX; Schema: public; Owner: goncalosousa
--

CREATE INDEX django_session_session_key_c0390e0f_like ON public.django_session USING btree (session_key varchar_pattern_ops);


--
-- Name: django_site_domain_a2e37b91_like; Type: INDEX; Schema: public; Owner: goncalosousa
--

CREATE INDEX django_site_domain_a2e37b91_like ON public.django_site USING btree (domain varchar_pattern_ops);


--
-- Name: socialaccount_socialaccount_user_id_8146e70c; Type: INDEX; Schema: public; Owner: goncalosousa
--

CREATE INDEX socialaccount_socialaccount_user_id_8146e70c ON public.socialaccount_socialaccount USING btree (user_id);


--
-- Name: socialaccount_socialapp_sites_site_id_2579dee5; Type: INDEX; Schema: public; Owner: goncalosousa
--

CREATE INDEX socialaccount_socialapp_sites_site_id_2579dee5 ON public.socialaccount_socialapp_sites USING btree (site_id);


--
-- Name: socialaccount_socialapp_sites_socialapp_id_97fb6e7d; Type: INDEX; Schema: public; Owner: goncalosousa
--

CREATE INDEX socialaccount_socialapp_sites_socialapp_id_97fb6e7d ON public.socialaccount_socialapp_sites USING btree (socialapp_id);


--
-- Name: socialaccount_socialtoken_account_id_951f210e; Type: INDEX; Schema: public; Owner: goncalosousa
--

CREATE INDEX socialaccount_socialtoken_account_id_951f210e ON public.socialaccount_socialtoken USING btree (account_id);


--
-- Name: socialaccount_socialtoken_app_id_636a42d7; Type: INDEX; Schema: public; Owner: goncalosousa
--

CREATE INDEX socialaccount_socialtoken_app_id_636a42d7 ON public.socialaccount_socialtoken USING btree (app_id);


--
-- Name: taggit_tag_name_58eb2ed9_like; Type: INDEX; Schema: public; Owner: goncalosousa
--

CREATE INDEX taggit_tag_name_58eb2ed9_like ON public.taggit_tag USING btree (name varchar_pattern_ops);


--
-- Name: taggit_tag_slug_6be58b2c_like; Type: INDEX; Schema: public; Owner: goncalosousa
--

CREATE INDEX taggit_tag_slug_6be58b2c_like ON public.taggit_tag USING btree (slug varchar_pattern_ops);


--
-- Name: taggit_taggeditem_content_type_id_9957a03c; Type: INDEX; Schema: public; Owner: goncalosousa
--

CREATE INDEX taggit_taggeditem_content_type_id_9957a03c ON public.taggit_taggeditem USING btree (content_type_id);


--
-- Name: taggit_taggeditem_content_type_id_object_id_196cc965_idx; Type: INDEX; Schema: public; Owner: goncalosousa
--

CREATE INDEX taggit_taggeditem_content_type_id_object_id_196cc965_idx ON public.taggit_taggeditem USING btree (content_type_id, object_id);


--
-- Name: taggit_taggeditem_object_id_e2d7d1df; Type: INDEX; Schema: public; Owner: goncalosousa
--

CREATE INDEX taggit_taggeditem_object_id_e2d7d1df ON public.taggit_taggeditem USING btree (object_id);


--
-- Name: taggit_taggeditem_tag_id_f4f5b767; Type: INDEX; Schema: public; Owner: goncalosousa
--

CREATE INDEX taggit_taggeditem_tag_id_f4f5b767 ON public.taggit_taggeditem USING btree (tag_id);


--
-- Name: unique_in_progress_workflow; Type: INDEX; Schema: public; Owner: goncalosousa
--

CREATE UNIQUE INDEX unique_in_progress_workflow ON public.wagtailcore_workflowstate USING btree (base_content_type_id, object_id) WHERE ((status)::text = ANY ((ARRAY['in_progress'::character varying, 'needs_changes'::character varying])::text[]));


--
-- Name: unique_verified_email; Type: INDEX; Schema: public; Owner: goncalosousa
--

CREATE UNIQUE INDEX unique_verified_email ON public.account_emailaddress USING btree (email) WHERE verified;


--
-- Name: users_user_groups_group_id_9afc8d0e; Type: INDEX; Schema: public; Owner: goncalosousa
--

CREATE INDEX users_user_groups_group_id_9afc8d0e ON public.users_user_groups USING btree (group_id);


--
-- Name: users_user_groups_user_id_5f6f5a90; Type: INDEX; Schema: public; Owner: goncalosousa
--

CREATE INDEX users_user_groups_user_id_5f6f5a90 ON public.users_user_groups USING btree (user_id);


--
-- Name: users_user_user_permissions_permission_id_0b93982e; Type: INDEX; Schema: public; Owner: goncalosousa
--

CREATE INDEX users_user_user_permissions_permission_id_0b93982e ON public.users_user_user_permissions USING btree (permission_id);


--
-- Name: users_user_user_permissions_user_id_20aca447; Type: INDEX; Schema: public; Owner: goncalosousa
--

CREATE INDEX users_user_user_permissions_user_id_20aca447 ON public.users_user_user_permissions USING btree (user_id);


--
-- Name: users_user_username_06e46fe6_like; Type: INDEX; Schema: public; Owner: goncalosousa
--

CREATE INDEX users_user_username_06e46fe6_like ON public.users_user USING btree (username varchar_pattern_ops);


--
-- Name: wagtailcore_collection_path_d848dc19_like; Type: INDEX; Schema: public; Owner: goncalosousa
--

CREATE INDEX wagtailcore_collection_path_d848dc19_like ON public.wagtailcore_collection USING btree (path varchar_pattern_ops);


--
-- Name: wagtailcore_collectionview_collectionviewrestriction__47320efd; Type: INDEX; Schema: public; Owner: goncalosousa
--

CREATE INDEX wagtailcore_collectionview_collectionviewrestriction__47320efd ON public.wagtailcore_collectionviewrestriction_groups USING btree (collectionviewrestriction_id);


--
-- Name: wagtailcore_collectionviewrestriction_collection_id_761908ec; Type: INDEX; Schema: public; Owner: goncalosousa
--

CREATE INDEX wagtailcore_collectionviewrestriction_collection_id_761908ec ON public.wagtailcore_collectionviewrestriction USING btree (collection_id);


--
-- Name: wagtailcore_collectionviewrestriction_groups_group_id_1823f2a3; Type: INDEX; Schema: public; Owner: goncalosousa
--

CREATE INDEX wagtailcore_collectionviewrestriction_groups_group_id_1823f2a3 ON public.wagtailcore_collectionviewrestriction_groups USING btree (group_id);


--
-- Name: wagtailcore_comment_page_id_108444b5; Type: INDEX; Schema: public; Owner: goncalosousa
--

CREATE INDEX wagtailcore_comment_page_id_108444b5 ON public.wagtailcore_comment USING btree (page_id);


--
-- Name: wagtailcore_comment_resolved_by_id_a282aa0e; Type: INDEX; Schema: public; Owner: goncalosousa
--

CREATE INDEX wagtailcore_comment_resolved_by_id_a282aa0e ON public.wagtailcore_comment USING btree (resolved_by_id);


--
-- Name: wagtailcore_comment_revision_created_id_1d058279; Type: INDEX; Schema: public; Owner: goncalosousa
--

CREATE INDEX wagtailcore_comment_revision_created_id_1d058279 ON public.wagtailcore_comment USING btree (revision_created_id);


--
-- Name: wagtailcore_comment_user_id_0c577ca6; Type: INDEX; Schema: public; Owner: goncalosousa
--

CREATE INDEX wagtailcore_comment_user_id_0c577ca6 ON public.wagtailcore_comment USING btree (user_id);


--
-- Name: wagtailcore_commentreply_comment_id_afc7e027; Type: INDEX; Schema: public; Owner: goncalosousa
--

CREATE INDEX wagtailcore_commentreply_comment_id_afc7e027 ON public.wagtailcore_commentreply USING btree (comment_id);


--
-- Name: wagtailcore_commentreply_user_id_d0b3b9c3; Type: INDEX; Schema: public; Owner: goncalosousa
--

CREATE INDEX wagtailcore_commentreply_user_id_d0b3b9c3 ON public.wagtailcore_commentreply USING btree (user_id);


--
-- Name: wagtailcore_groupapprovalt_groupapprovaltask_id_9a9255ea; Type: INDEX; Schema: public; Owner: goncalosousa
--

CREATE INDEX wagtailcore_groupapprovalt_groupapprovaltask_id_9a9255ea ON public.wagtailcore_groupapprovaltask_groups USING btree (groupapprovaltask_id);


--
-- Name: wagtailcore_groupapprovaltask_groups_group_id_2e64b61f; Type: INDEX; Schema: public; Owner: goncalosousa
--

CREATE INDEX wagtailcore_groupapprovaltask_groups_group_id_2e64b61f ON public.wagtailcore_groupapprovaltask_groups USING btree (group_id);


--
-- Name: wagtailcore_groupcollectionpermission_collection_id_5423575a; Type: INDEX; Schema: public; Owner: goncalosousa
--

CREATE INDEX wagtailcore_groupcollectionpermission_collection_id_5423575a ON public.wagtailcore_groupcollectionpermission USING btree (collection_id);


--
-- Name: wagtailcore_groupcollectionpermission_group_id_05d61460; Type: INDEX; Schema: public; Owner: goncalosousa
--

CREATE INDEX wagtailcore_groupcollectionpermission_group_id_05d61460 ON public.wagtailcore_groupcollectionpermission USING btree (group_id);


--
-- Name: wagtailcore_groupcollectionpermission_permission_id_1b626275; Type: INDEX; Schema: public; Owner: goncalosousa
--

CREATE INDEX wagtailcore_groupcollectionpermission_permission_id_1b626275 ON public.wagtailcore_groupcollectionpermission USING btree (permission_id);


--
-- Name: wagtailcore_grouppagepermission_group_id_fc07e671; Type: INDEX; Schema: public; Owner: goncalosousa
--

CREATE INDEX wagtailcore_grouppagepermission_group_id_fc07e671 ON public.wagtailcore_grouppagepermission USING btree (group_id);


--
-- Name: wagtailcore_grouppagepermission_page_id_710b114a; Type: INDEX; Schema: public; Owner: goncalosousa
--

CREATE INDEX wagtailcore_grouppagepermission_page_id_710b114a ON public.wagtailcore_grouppagepermission USING btree (page_id);


--
-- Name: wagtailcore_grouppagepermission_permission_id_05acb22e; Type: INDEX; Schema: public; Owner: goncalosousa
--

CREATE INDEX wagtailcore_grouppagepermission_permission_id_05acb22e ON public.wagtailcore_grouppagepermission USING btree (permission_id);


--
-- Name: wagtailcore_locale_language_code_03149338_like; Type: INDEX; Schema: public; Owner: goncalosousa
--

CREATE INDEX wagtailcore_locale_language_code_03149338_like ON public.wagtailcore_locale USING btree (language_code varchar_pattern_ops);


--
-- Name: wagtailcore_modellogentry_action_d2d856ee; Type: INDEX; Schema: public; Owner: goncalosousa
--

CREATE INDEX wagtailcore_modellogentry_action_d2d856ee ON public.wagtailcore_modellogentry USING btree (action);


--
-- Name: wagtailcore_modellogentry_action_d2d856ee_like; Type: INDEX; Schema: public; Owner: goncalosousa
--

CREATE INDEX wagtailcore_modellogentry_action_d2d856ee_like ON public.wagtailcore_modellogentry USING btree (action varchar_pattern_ops);


--
-- Name: wagtailcore_modellogentry_content_changed_8bc39742; Type: INDEX; Schema: public; Owner: goncalosousa
--

CREATE INDEX wagtailcore_modellogentry_content_changed_8bc39742 ON public.wagtailcore_modellogentry USING btree (content_changed);


--
-- Name: wagtailcore_modellogentry_content_type_id_68849e77; Type: INDEX; Schema: public; Owner: goncalosousa
--

CREATE INDEX wagtailcore_modellogentry_content_type_id_68849e77 ON public.wagtailcore_modellogentry USING btree (content_type_id);


--
-- Name: wagtailcore_modellogentry_object_id_e0e7d4ef; Type: INDEX; Schema: public; Owner: goncalosousa
--

CREATE INDEX wagtailcore_modellogentry_object_id_e0e7d4ef ON public.wagtailcore_modellogentry USING btree (object_id);


--
-- Name: wagtailcore_modellogentry_object_id_e0e7d4ef_like; Type: INDEX; Schema: public; Owner: goncalosousa
--

CREATE INDEX wagtailcore_modellogentry_object_id_e0e7d4ef_like ON public.wagtailcore_modellogentry USING btree (object_id varchar_pattern_ops);


--
-- Name: wagtailcore_modellogentry_revision_id_df6ca33a; Type: INDEX; Schema: public; Owner: goncalosousa
--

CREATE INDEX wagtailcore_modellogentry_revision_id_df6ca33a ON public.wagtailcore_modellogentry USING btree (revision_id);


--
-- Name: wagtailcore_modellogentry_timestamp_9694521b; Type: INDEX; Schema: public; Owner: goncalosousa
--

CREATE INDEX wagtailcore_modellogentry_timestamp_9694521b ON public.wagtailcore_modellogentry USING btree ("timestamp");


--
-- Name: wagtailcore_modellogentry_user_id_0278d1bf; Type: INDEX; Schema: public; Owner: goncalosousa
--

CREATE INDEX wagtailcore_modellogentry_user_id_0278d1bf ON public.wagtailcore_modellogentry USING btree (user_id);


--
-- Name: wagtailcore_page_alias_of_id_12945502; Type: INDEX; Schema: public; Owner: goncalosousa
--

CREATE INDEX wagtailcore_page_alias_of_id_12945502 ON public.wagtailcore_page USING btree (alias_of_id);


--
-- Name: wagtailcore_page_content_type_id_c28424df; Type: INDEX; Schema: public; Owner: goncalosousa
--

CREATE INDEX wagtailcore_page_content_type_id_c28424df ON public.wagtailcore_page USING btree (content_type_id);


--
-- Name: wagtailcore_page_first_published_at_2b5dd637; Type: INDEX; Schema: public; Owner: goncalosousa
--

CREATE INDEX wagtailcore_page_first_published_at_2b5dd637 ON public.wagtailcore_page USING btree (first_published_at);


--
-- Name: wagtailcore_page_latest_revision_id_e60fef51; Type: INDEX; Schema: public; Owner: goncalosousa
--

CREATE INDEX wagtailcore_page_latest_revision_id_e60fef51 ON public.wagtailcore_page USING btree (latest_revision_id);


--
-- Name: wagtailcore_page_live_revision_id_930bd822; Type: INDEX; Schema: public; Owner: goncalosousa
--

CREATE INDEX wagtailcore_page_live_revision_id_930bd822 ON public.wagtailcore_page USING btree (live_revision_id);


--
-- Name: wagtailcore_page_locale_id_3c7e30a6; Type: INDEX; Schema: public; Owner: goncalosousa
--

CREATE INDEX wagtailcore_page_locale_id_3c7e30a6 ON public.wagtailcore_page USING btree (locale_id);


--
-- Name: wagtailcore_page_locked_by_id_bcb86245; Type: INDEX; Schema: public; Owner: goncalosousa
--

CREATE INDEX wagtailcore_page_locked_by_id_bcb86245 ON public.wagtailcore_page USING btree (locked_by_id);


--
-- Name: wagtailcore_page_owner_id_fbf7c332; Type: INDEX; Schema: public; Owner: goncalosousa
--

CREATE INDEX wagtailcore_page_owner_id_fbf7c332 ON public.wagtailcore_page USING btree (owner_id);


--
-- Name: wagtailcore_page_path_98eba2c8_like; Type: INDEX; Schema: public; Owner: goncalosousa
--

CREATE INDEX wagtailcore_page_path_98eba2c8_like ON public.wagtailcore_page USING btree (path varchar_pattern_ops);


--
-- Name: wagtailcore_page_slug_e7c11b8f; Type: INDEX; Schema: public; Owner: goncalosousa
--

CREATE INDEX wagtailcore_page_slug_e7c11b8f ON public.wagtailcore_page USING btree (slug);


--
-- Name: wagtailcore_page_slug_e7c11b8f_like; Type: INDEX; Schema: public; Owner: goncalosousa
--

CREATE INDEX wagtailcore_page_slug_e7c11b8f_like ON public.wagtailcore_page USING btree (slug varchar_pattern_ops);


--
-- Name: wagtailcore_pagelogentry_action_c2408198; Type: INDEX; Schema: public; Owner: goncalosousa
--

CREATE INDEX wagtailcore_pagelogentry_action_c2408198 ON public.wagtailcore_pagelogentry USING btree (action);


--
-- Name: wagtailcore_pagelogentry_action_c2408198_like; Type: INDEX; Schema: public; Owner: goncalosousa
--

CREATE INDEX wagtailcore_pagelogentry_action_c2408198_like ON public.wagtailcore_pagelogentry USING btree (action varchar_pattern_ops);


--
-- Name: wagtailcore_pagelogentry_content_changed_99f27ade; Type: INDEX; Schema: public; Owner: goncalosousa
--

CREATE INDEX wagtailcore_pagelogentry_content_changed_99f27ade ON public.wagtailcore_pagelogentry USING btree (content_changed);


--
-- Name: wagtailcore_pagelogentry_content_type_id_74e7708a; Type: INDEX; Schema: public; Owner: goncalosousa
--

CREATE INDEX wagtailcore_pagelogentry_content_type_id_74e7708a ON public.wagtailcore_pagelogentry USING btree (content_type_id);


--
-- Name: wagtailcore_pagelogentry_page_id_8464e327; Type: INDEX; Schema: public; Owner: goncalosousa
--

CREATE INDEX wagtailcore_pagelogentry_page_id_8464e327 ON public.wagtailcore_pagelogentry USING btree (page_id);


--
-- Name: wagtailcore_pagelogentry_revision_id_8043d103; Type: INDEX; Schema: public; Owner: goncalosousa
--

CREATE INDEX wagtailcore_pagelogentry_revision_id_8043d103 ON public.wagtailcore_pagelogentry USING btree (revision_id);


--
-- Name: wagtailcore_pagelogentry_timestamp_deb774c4; Type: INDEX; Schema: public; Owner: goncalosousa
--

CREATE INDEX wagtailcore_pagelogentry_timestamp_deb774c4 ON public.wagtailcore_pagelogentry USING btree ("timestamp");


--
-- Name: wagtailcore_pagelogentry_user_id_604ccfd8; Type: INDEX; Schema: public; Owner: goncalosousa
--

CREATE INDEX wagtailcore_pagelogentry_user_id_604ccfd8 ON public.wagtailcore_pagelogentry USING btree (user_id);


--
-- Name: wagtailcore_pagerevision_approved_go_live_at_e56afc67; Type: INDEX; Schema: public; Owner: goncalosousa
--

CREATE INDEX wagtailcore_pagerevision_approved_go_live_at_e56afc67 ON public.wagtailcore_revision USING btree (approved_go_live_at);


--
-- Name: wagtailcore_pagerevision_created_at_66954e3b; Type: INDEX; Schema: public; Owner: goncalosousa
--

CREATE INDEX wagtailcore_pagerevision_created_at_66954e3b ON public.wagtailcore_revision USING btree (created_at);


--
-- Name: wagtailcore_pagerevision_submitted_for_moderation_c682e44c; Type: INDEX; Schema: public; Owner: goncalosousa
--

CREATE INDEX wagtailcore_pagerevision_submitted_for_moderation_c682e44c ON public.wagtailcore_revision USING btree (submitted_for_moderation);


--
-- Name: wagtailcore_pagerevision_user_id_2409d2f4; Type: INDEX; Schema: public; Owner: goncalosousa
--

CREATE INDEX wagtailcore_pagerevision_user_id_2409d2f4 ON public.wagtailcore_revision USING btree (user_id);


--
-- Name: wagtailcore_pagesubscription_page_id_a085e7a6; Type: INDEX; Schema: public; Owner: goncalosousa
--

CREATE INDEX wagtailcore_pagesubscription_page_id_a085e7a6 ON public.wagtailcore_pagesubscription USING btree (page_id);


--
-- Name: wagtailcore_pagesubscription_user_id_89d7def9; Type: INDEX; Schema: public; Owner: goncalosousa
--

CREATE INDEX wagtailcore_pagesubscription_user_id_89d7def9 ON public.wagtailcore_pagesubscription USING btree (user_id);


--
-- Name: wagtailcore_pageviewrestri_pageviewrestriction_id_f147a99a; Type: INDEX; Schema: public; Owner: goncalosousa
--

CREATE INDEX wagtailcore_pageviewrestri_pageviewrestriction_id_f147a99a ON public.wagtailcore_pageviewrestriction_groups USING btree (pageviewrestriction_id);


--
-- Name: wagtailcore_pageviewrestriction_groups_group_id_6460f223; Type: INDEX; Schema: public; Owner: goncalosousa
--

CREATE INDEX wagtailcore_pageviewrestriction_groups_group_id_6460f223 ON public.wagtailcore_pageviewrestriction_groups USING btree (group_id);


--
-- Name: wagtailcore_pageviewrestriction_page_id_15a8bea6; Type: INDEX; Schema: public; Owner: goncalosousa
--

CREATE INDEX wagtailcore_pageviewrestriction_page_id_15a8bea6 ON public.wagtailcore_pageviewrestriction USING btree (page_id);


--
-- Name: wagtailcore_referenceindex_base_content_type_id_313cf40f; Type: INDEX; Schema: public; Owner: goncalosousa
--

CREATE INDEX wagtailcore_referenceindex_base_content_type_id_313cf40f ON public.wagtailcore_referenceindex USING btree (base_content_type_id);


--
-- Name: wagtailcore_referenceindex_content_type_id_766e0336; Type: INDEX; Schema: public; Owner: goncalosousa
--

CREATE INDEX wagtailcore_referenceindex_content_type_id_766e0336 ON public.wagtailcore_referenceindex USING btree (content_type_id);


--
-- Name: wagtailcore_referenceindex_to_content_type_id_93690bbd; Type: INDEX; Schema: public; Owner: goncalosousa
--

CREATE INDEX wagtailcore_referenceindex_to_content_type_id_93690bbd ON public.wagtailcore_referenceindex USING btree (to_content_type_id);


--
-- Name: wagtailcore_revision_base_content_type_id_5b4ef7bd; Type: INDEX; Schema: public; Owner: goncalosousa
--

CREATE INDEX wagtailcore_revision_base_content_type_id_5b4ef7bd ON public.wagtailcore_revision USING btree (base_content_type_id);


--
-- Name: wagtailcore_revision_content_type_id_c8cb69c0; Type: INDEX; Schema: public; Owner: goncalosousa
--

CREATE INDEX wagtailcore_revision_content_type_id_c8cb69c0 ON public.wagtailcore_revision USING btree (content_type_id);


--
-- Name: wagtailcore_site_hostname_96b20b46; Type: INDEX; Schema: public; Owner: goncalosousa
--

CREATE INDEX wagtailcore_site_hostname_96b20b46 ON public.wagtailcore_site USING btree (hostname);


--
-- Name: wagtailcore_site_hostname_96b20b46_like; Type: INDEX; Schema: public; Owner: goncalosousa
--

CREATE INDEX wagtailcore_site_hostname_96b20b46_like ON public.wagtailcore_site USING btree (hostname varchar_pattern_ops);


--
-- Name: wagtailcore_site_root_page_id_e02fb95c; Type: INDEX; Schema: public; Owner: goncalosousa
--

CREATE INDEX wagtailcore_site_root_page_id_e02fb95c ON public.wagtailcore_site USING btree (root_page_id);


--
-- Name: wagtailcore_task_content_type_id_249ab8ba; Type: INDEX; Schema: public; Owner: goncalosousa
--

CREATE INDEX wagtailcore_task_content_type_id_249ab8ba ON public.wagtailcore_task USING btree (content_type_id);


--
-- Name: wagtailcore_taskstate_content_type_id_0a758fdc; Type: INDEX; Schema: public; Owner: goncalosousa
--

CREATE INDEX wagtailcore_taskstate_content_type_id_0a758fdc ON public.wagtailcore_taskstate USING btree (content_type_id);


--
-- Name: wagtailcore_taskstate_finished_by_id_13f98229; Type: INDEX; Schema: public; Owner: goncalosousa
--

CREATE INDEX wagtailcore_taskstate_finished_by_id_13f98229 ON public.wagtailcore_taskstate USING btree (finished_by_id);


--
-- Name: wagtailcore_taskstate_page_revision_id_9f52c88e; Type: INDEX; Schema: public; Owner: goncalosousa
--

CREATE INDEX wagtailcore_taskstate_page_revision_id_9f52c88e ON public.wagtailcore_taskstate USING btree (revision_id);


--
-- Name: wagtailcore_taskstate_task_id_c3677c34; Type: INDEX; Schema: public; Owner: goncalosousa
--

CREATE INDEX wagtailcore_taskstate_task_id_c3677c34 ON public.wagtailcore_taskstate USING btree (task_id);


--
-- Name: wagtailcore_taskstate_workflow_state_id_9239a775; Type: INDEX; Schema: public; Owner: goncalosousa
--

CREATE INDEX wagtailcore_taskstate_workflow_state_id_9239a775 ON public.wagtailcore_taskstate USING btree (workflow_state_id);


--
-- Name: wagtailcore_workflowcontenttype_workflow_id_9aad7cd2; Type: INDEX; Schema: public; Owner: goncalosousa
--

CREATE INDEX wagtailcore_workflowcontenttype_workflow_id_9aad7cd2 ON public.wagtailcore_workflowcontenttype USING btree (workflow_id);


--
-- Name: wagtailcore_workflowpage_workflow_id_56f56ff6; Type: INDEX; Schema: public; Owner: goncalosousa
--

CREATE INDEX wagtailcore_workflowpage_workflow_id_56f56ff6 ON public.wagtailcore_workflowpage USING btree (workflow_id);


--
-- Name: wagtailcore_workflowstate_base_content_type_id_a30dc576; Type: INDEX; Schema: public; Owner: goncalosousa
--

CREATE INDEX wagtailcore_workflowstate_base_content_type_id_a30dc576 ON public.wagtailcore_workflowstate USING btree (base_content_type_id);


--
-- Name: wagtailcore_workflowstate_content_type_id_2bb78ce1; Type: INDEX; Schema: public; Owner: goncalosousa
--

CREATE INDEX wagtailcore_workflowstate_content_type_id_2bb78ce1 ON public.wagtailcore_workflowstate USING btree (content_type_id);


--
-- Name: wagtailcore_workflowstate_requested_by_id_4090bca3; Type: INDEX; Schema: public; Owner: goncalosousa
--

CREATE INDEX wagtailcore_workflowstate_requested_by_id_4090bca3 ON public.wagtailcore_workflowstate USING btree (requested_by_id);


--
-- Name: wagtailcore_workflowstate_workflow_id_1f18378f; Type: INDEX; Schema: public; Owner: goncalosousa
--

CREATE INDEX wagtailcore_workflowstate_workflow_id_1f18378f ON public.wagtailcore_workflowstate USING btree (workflow_id);


--
-- Name: wagtailcore_workflowtask_task_id_ce7716fe; Type: INDEX; Schema: public; Owner: goncalosousa
--

CREATE INDEX wagtailcore_workflowtask_task_id_ce7716fe ON public.wagtailcore_workflowtask USING btree (task_id);


--
-- Name: wagtailcore_workflowtask_workflow_id_b9717175; Type: INDEX; Schema: public; Owner: goncalosousa
--

CREATE INDEX wagtailcore_workflowtask_workflow_id_b9717175 ON public.wagtailcore_workflowtask USING btree (workflow_id);


--
-- Name: wagtaildocs_document_collection_id_23881625; Type: INDEX; Schema: public; Owner: goncalosousa
--

CREATE INDEX wagtaildocs_document_collection_id_23881625 ON public.wagtaildocs_document USING btree (collection_id);


--
-- Name: wagtaildocs_document_uploaded_by_user_id_17258b41; Type: INDEX; Schema: public; Owner: goncalosousa
--

CREATE INDEX wagtaildocs_document_uploaded_by_user_id_17258b41 ON public.wagtaildocs_document USING btree (uploaded_by_user_id);


--
-- Name: wagtaildocs_uploadeddocument_uploaded_by_user_id_8dd61a73; Type: INDEX; Schema: public; Owner: goncalosousa
--

CREATE INDEX wagtaildocs_uploadeddocument_uploaded_by_user_id_8dd61a73 ON public.wagtaildocs_uploadeddocument USING btree (uploaded_by_user_id);


--
-- Name: wagtailembeds_embed_cache_until_26c94bb0; Type: INDEX; Schema: public; Owner: goncalosousa
--

CREATE INDEX wagtailembeds_embed_cache_until_26c94bb0 ON public.wagtailembeds_embed USING btree (cache_until);


--
-- Name: wagtailembeds_embed_hash_c9bd8c9a_like; Type: INDEX; Schema: public; Owner: goncalosousa
--

CREATE INDEX wagtailembeds_embed_hash_c9bd8c9a_like ON public.wagtailembeds_embed USING btree (hash varchar_pattern_ops);


--
-- Name: wagtailforms_formsubmission_page_id_e48e93e7; Type: INDEX; Schema: public; Owner: goncalosousa
--

CREATE INDEX wagtailforms_formsubmission_page_id_e48e93e7 ON public.wagtailforms_formsubmission USING btree (page_id);


--
-- Name: wagtailimages_image_collection_id_c2f8af7e; Type: INDEX; Schema: public; Owner: goncalosousa
--

CREATE INDEX wagtailimages_image_collection_id_c2f8af7e ON public.wagtailimages_image USING btree (collection_id);


--
-- Name: wagtailimages_image_created_at_86fa6cd4; Type: INDEX; Schema: public; Owner: goncalosousa
--

CREATE INDEX wagtailimages_image_created_at_86fa6cd4 ON public.wagtailimages_image USING btree (created_at);


--
-- Name: wagtailimages_image_file_hash_fb5bbb23; Type: INDEX; Schema: public; Owner: goncalosousa
--

CREATE INDEX wagtailimages_image_file_hash_fb5bbb23 ON public.wagtailimages_image USING btree (file_hash);


--
-- Name: wagtailimages_image_file_hash_fb5bbb23_like; Type: INDEX; Schema: public; Owner: goncalosousa
--

CREATE INDEX wagtailimages_image_file_hash_fb5bbb23_like ON public.wagtailimages_image USING btree (file_hash varchar_pattern_ops);


--
-- Name: wagtailimages_image_uploaded_by_user_id_5d73dc75; Type: INDEX; Schema: public; Owner: goncalosousa
--

CREATE INDEX wagtailimages_image_uploaded_by_user_id_5d73dc75 ON public.wagtailimages_image USING btree (uploaded_by_user_id);


--
-- Name: wagtailimages_rendition_filter_spec_1cba3201; Type: INDEX; Schema: public; Owner: goncalosousa
--

CREATE INDEX wagtailimages_rendition_filter_spec_1cba3201 ON public.wagtailimages_rendition USING btree (filter_spec);


--
-- Name: wagtailimages_rendition_filter_spec_1cba3201_like; Type: INDEX; Schema: public; Owner: goncalosousa
--

CREATE INDEX wagtailimages_rendition_filter_spec_1cba3201_like ON public.wagtailimages_rendition USING btree (filter_spec varchar_pattern_ops);


--
-- Name: wagtailimages_rendition_image_id_3e1fd774; Type: INDEX; Schema: public; Owner: goncalosousa
--

CREATE INDEX wagtailimages_rendition_image_id_3e1fd774 ON public.wagtailimages_rendition USING btree (image_id);


--
-- Name: wagtailimages_uploadedimage_uploaded_by_user_id_85921689; Type: INDEX; Schema: public; Owner: goncalosousa
--

CREATE INDEX wagtailimages_uploadedimage_uploaded_by_user_id_85921689 ON public.wagtailimages_uploadedimage USING btree (uploaded_by_user_id);


--
-- Name: wagtailmenus_flatmenu_handle_fd420cad; Type: INDEX; Schema: public; Owner: goncalosousa
--

CREATE INDEX wagtailmenus_flatmenu_handle_fd420cad ON public.wagtailmenus_flatmenu USING btree (handle);


--
-- Name: wagtailmenus_flatmenu_handle_fd420cad_like; Type: INDEX; Schema: public; Owner: goncalosousa
--

CREATE INDEX wagtailmenus_flatmenu_handle_fd420cad_like ON public.wagtailmenus_flatmenu USING btree (handle varchar_pattern_ops);


--
-- Name: wagtailmenus_flatmenu_site_id_516a598d; Type: INDEX; Schema: public; Owner: goncalosousa
--

CREATE INDEX wagtailmenus_flatmenu_site_id_516a598d ON public.wagtailmenus_flatmenu USING btree (site_id);


--
-- Name: wagtailmenus_flatmenuitem_link_page_id_36779c0f; Type: INDEX; Schema: public; Owner: goncalosousa
--

CREATE INDEX wagtailmenus_flatmenuitem_link_page_id_36779c0f ON public.wagtailmenus_flatmenuitem USING btree (link_page_id);


--
-- Name: wagtailmenus_flatmenuitem_menu_id_757c39da; Type: INDEX; Schema: public; Owner: goncalosousa
--

CREATE INDEX wagtailmenus_flatmenuitem_menu_id_757c39da ON public.wagtailmenus_flatmenuitem USING btree (menu_id);


--
-- Name: wagtailmenus_mainmenuitem_link_page_id_208a4a4d; Type: INDEX; Schema: public; Owner: goncalosousa
--

CREATE INDEX wagtailmenus_mainmenuitem_link_page_id_208a4a4d ON public.wagtailmenus_mainmenuitem USING btree (link_page_id);


--
-- Name: wagtailmenus_mainmenuitem_menu_id_6505d4c4; Type: INDEX; Schema: public; Owner: goncalosousa
--

CREATE INDEX wagtailmenus_mainmenuitem_menu_id_6505d4c4 ON public.wagtailmenus_mainmenuitem USING btree (menu_id);


--
-- Name: wagtailredirects_redirect_old_path_bb35247b; Type: INDEX; Schema: public; Owner: goncalosousa
--

CREATE INDEX wagtailredirects_redirect_old_path_bb35247b ON public.wagtailredirects_redirect USING btree (old_path);


--
-- Name: wagtailredirects_redirect_old_path_bb35247b_like; Type: INDEX; Schema: public; Owner: goncalosousa
--

CREATE INDEX wagtailredirects_redirect_old_path_bb35247b_like ON public.wagtailredirects_redirect USING btree (old_path varchar_pattern_ops);


--
-- Name: wagtailredirects_redirect_redirect_page_id_b5728a8f; Type: INDEX; Schema: public; Owner: goncalosousa
--

CREATE INDEX wagtailredirects_redirect_redirect_page_id_b5728a8f ON public.wagtailredirects_redirect USING btree (redirect_page_id);


--
-- Name: wagtailredirects_redirect_site_id_780a0e1e; Type: INDEX; Schema: public; Owner: goncalosousa
--

CREATE INDEX wagtailredirects_redirect_site_id_780a0e1e ON public.wagtailredirects_redirect USING btree (site_id);


--
-- Name: wagtailsear_autocom_476c89_gin; Type: INDEX; Schema: public; Owner: goncalosousa
--

CREATE INDEX wagtailsear_autocom_476c89_gin ON public.wagtailsearch_indexentry USING gin (autocomplete);


--
-- Name: wagtailsear_body_90c85d_gin; Type: INDEX; Schema: public; Owner: goncalosousa
--

CREATE INDEX wagtailsear_body_90c85d_gin ON public.wagtailsearch_indexentry USING gin (body);


--
-- Name: wagtailsear_title_9caae0_gin; Type: INDEX; Schema: public; Owner: goncalosousa
--

CREATE INDEX wagtailsear_title_9caae0_gin ON public.wagtailsearch_indexentry USING gin (title);


--
-- Name: wagtailsearch_indexentry_content_type_id_62ed694f; Type: INDEX; Schema: public; Owner: goncalosousa
--

CREATE INDEX wagtailsearch_indexentry_content_type_id_62ed694f ON public.wagtailsearch_indexentry USING btree (content_type_id);


--
-- Name: wagtailsearch_query_query_string_e785ea07_like; Type: INDEX; Schema: public; Owner: goncalosousa
--

CREATE INDEX wagtailsearch_query_query_string_e785ea07_like ON public.wagtailsearch_query USING btree (query_string varchar_pattern_ops);


--
-- Name: wagtailsearch_querydailyhits_query_id_2185994b; Type: INDEX; Schema: public; Owner: goncalosousa
--

CREATE INDEX wagtailsearch_querydailyhits_query_id_2185994b ON public.wagtailsearch_querydailyhits USING btree (query_id);


--
-- Name: workflowstate_base_ct_id_idx; Type: INDEX; Schema: public; Owner: goncalosousa
--

CREATE INDEX workflowstate_base_ct_id_idx ON public.wagtailcore_workflowstate USING btree (base_content_type_id, object_id);


--
-- Name: workflowstate_ct_id_idx; Type: INDEX; Schema: public; Owner: goncalosousa
--

CREATE INDEX workflowstate_ct_id_idx ON public.wagtailcore_workflowstate USING btree (content_type_id, object_id);


--
-- Name: account_emailaddress account_emailaddress_user_id_2c513194_fk_users_user_id; Type: FK CONSTRAINT; Schema: public; Owner: goncalosousa
--

ALTER TABLE ONLY public.account_emailaddress
    ADD CONSTRAINT account_emailaddress_user_id_2c513194_fk_users_user_id FOREIGN KEY (user_id) REFERENCES public.users_user(id) DEFERRABLE INITIALLY DEFERRED;


--
-- Name: account_emailconfirmation account_emailconfirm_email_address_id_5b7f8c58_fk_account_e; Type: FK CONSTRAINT; Schema: public; Owner: goncalosousa
--

ALTER TABLE ONLY public.account_emailconfirmation
    ADD CONSTRAINT account_emailconfirm_email_address_id_5b7f8c58_fk_account_e FOREIGN KEY (email_address_id) REFERENCES public.account_emailaddress(id) DEFERRABLE INITIALLY DEFERRED;


--
-- Name: auth_group_permissions auth_group_permissio_permission_id_84c5c92e_fk_auth_perm; Type: FK CONSTRAINT; Schema: public; Owner: goncalosousa
--

ALTER TABLE ONLY public.auth_group_permissions
    ADD CONSTRAINT auth_group_permissio_permission_id_84c5c92e_fk_auth_perm FOREIGN KEY (permission_id) REFERENCES public.auth_permission(id) DEFERRABLE INITIALLY DEFERRED;


--
-- Name: auth_group_permissions auth_group_permissions_group_id_b120cbf9_fk_auth_group_id; Type: FK CONSTRAINT; Schema: public; Owner: goncalosousa
--

ALTER TABLE ONLY public.auth_group_permissions
    ADD CONSTRAINT auth_group_permissions_group_id_b120cbf9_fk_auth_group_id FOREIGN KEY (group_id) REFERENCES public.auth_group(id) DEFERRABLE INITIALLY DEFERRED;


--
-- Name: auth_permission auth_permission_content_type_id_2f476e4b_fk_django_co; Type: FK CONSTRAINT; Schema: public; Owner: goncalosousa
--

ALTER TABLE ONLY public.auth_permission
    ADD CONSTRAINT auth_permission_content_type_id_2f476e4b_fk_django_co FOREIGN KEY (content_type_id) REFERENCES public.django_content_type(id) DEFERRABLE INITIALLY DEFERRED;


--
-- Name: courses_cursopage courses_cursopage_page_ptr_id_ca5c79d7_fk_wagtailcore_page_id; Type: FK CONSTRAINT; Schema: public; Owner: goncalosousa
--

ALTER TABLE ONLY public.courses_cursopage
    ADD CONSTRAINT courses_cursopage_page_ptr_id_ca5c79d7_fk_wagtailcore_page_id FOREIGN KEY (page_ptr_id) REFERENCES public.wagtailcore_page(id) DEFERRABLE INITIALLY DEFERRED;


--
-- Name: courses_homepage courses_homepage_page_ptr_id_bf4253f0_fk_wagtailcore_page_id; Type: FK CONSTRAINT; Schema: public; Owner: goncalosousa
--

ALTER TABLE ONLY public.courses_homepage
    ADD CONSTRAINT courses_homepage_page_ptr_id_bf4253f0_fk_wagtailcore_page_id FOREIGN KEY (page_ptr_id) REFERENCES public.wagtailcore_page(id) DEFERRABLE INITIALLY DEFERRED;


--
-- Name: courses_sliders courses_sliders_image_slider_id_99ae8c7f_fk_wagtailim; Type: FK CONSTRAINT; Schema: public; Owner: goncalosousa
--

ALTER TABLE ONLY public.courses_sliders
    ADD CONSTRAINT courses_sliders_image_slider_id_99ae8c7f_fk_wagtailim FOREIGN KEY (image_slider_id) REFERENCES public.wagtailimages_image(id) DEFERRABLE INITIALLY DEFERRED;


--
-- Name: courses_sliders courses_sliders_page_id_08d8ab79_fk_courses_c; Type: FK CONSTRAINT; Schema: public; Owner: goncalosousa
--

ALTER TABLE ONLY public.courses_sliders
    ADD CONSTRAINT courses_sliders_page_id_08d8ab79_fk_courses_c FOREIGN KEY (page_id) REFERENCES public.courses_cursopage(page_ptr_id) DEFERRABLE INITIALLY DEFERRED;


--
-- Name: django_admin_log django_admin_log_content_type_id_c4bce8eb_fk_django_co; Type: FK CONSTRAINT; Schema: public; Owner: goncalosousa
--

ALTER TABLE ONLY public.django_admin_log
    ADD CONSTRAINT django_admin_log_content_type_id_c4bce8eb_fk_django_co FOREIGN KEY (content_type_id) REFERENCES public.django_content_type(id) DEFERRABLE INITIALLY DEFERRED;


--
-- Name: django_admin_log django_admin_log_user_id_c564eba6_fk_users_user_id; Type: FK CONSTRAINT; Schema: public; Owner: goncalosousa
--

ALTER TABLE ONLY public.django_admin_log
    ADD CONSTRAINT django_admin_log_user_id_c564eba6_fk_users_user_id FOREIGN KEY (user_id) REFERENCES public.users_user(id) DEFERRABLE INITIALLY DEFERRED;


--
-- Name: socialaccount_socialtoken socialaccount_social_account_id_951f210e_fk_socialacc; Type: FK CONSTRAINT; Schema: public; Owner: goncalosousa
--

ALTER TABLE ONLY public.socialaccount_socialtoken
    ADD CONSTRAINT socialaccount_social_account_id_951f210e_fk_socialacc FOREIGN KEY (account_id) REFERENCES public.socialaccount_socialaccount(id) DEFERRABLE INITIALLY DEFERRED;


--
-- Name: socialaccount_socialtoken socialaccount_social_app_id_636a42d7_fk_socialacc; Type: FK CONSTRAINT; Schema: public; Owner: goncalosousa
--

ALTER TABLE ONLY public.socialaccount_socialtoken
    ADD CONSTRAINT socialaccount_social_app_id_636a42d7_fk_socialacc FOREIGN KEY (app_id) REFERENCES public.socialaccount_socialapp(id) DEFERRABLE INITIALLY DEFERRED;


--
-- Name: socialaccount_socialapp_sites socialaccount_social_site_id_2579dee5_fk_django_si; Type: FK CONSTRAINT; Schema: public; Owner: goncalosousa
--

ALTER TABLE ONLY public.socialaccount_socialapp_sites
    ADD CONSTRAINT socialaccount_social_site_id_2579dee5_fk_django_si FOREIGN KEY (site_id) REFERENCES public.django_site(id) DEFERRABLE INITIALLY DEFERRED;


--
-- Name: socialaccount_socialapp_sites socialaccount_social_socialapp_id_97fb6e7d_fk_socialacc; Type: FK CONSTRAINT; Schema: public; Owner: goncalosousa
--

ALTER TABLE ONLY public.socialaccount_socialapp_sites
    ADD CONSTRAINT socialaccount_social_socialapp_id_97fb6e7d_fk_socialacc FOREIGN KEY (socialapp_id) REFERENCES public.socialaccount_socialapp(id) DEFERRABLE INITIALLY DEFERRED;


--
-- Name: socialaccount_socialaccount socialaccount_socialaccount_user_id_8146e70c_fk_users_user_id; Type: FK CONSTRAINT; Schema: public; Owner: goncalosousa
--

ALTER TABLE ONLY public.socialaccount_socialaccount
    ADD CONSTRAINT socialaccount_socialaccount_user_id_8146e70c_fk_users_user_id FOREIGN KEY (user_id) REFERENCES public.users_user(id) DEFERRABLE INITIALLY DEFERRED;


--
-- Name: taggit_taggeditem taggit_taggeditem_content_type_id_9957a03c_fk_django_co; Type: FK CONSTRAINT; Schema: public; Owner: goncalosousa
--

ALTER TABLE ONLY public.taggit_taggeditem
    ADD CONSTRAINT taggit_taggeditem_content_type_id_9957a03c_fk_django_co FOREIGN KEY (content_type_id) REFERENCES public.django_content_type(id) DEFERRABLE INITIALLY DEFERRED;


--
-- Name: taggit_taggeditem taggit_taggeditem_tag_id_f4f5b767_fk_taggit_tag_id; Type: FK CONSTRAINT; Schema: public; Owner: goncalosousa
--

ALTER TABLE ONLY public.taggit_taggeditem
    ADD CONSTRAINT taggit_taggeditem_tag_id_f4f5b767_fk_taggit_tag_id FOREIGN KEY (tag_id) REFERENCES public.taggit_tag(id) DEFERRABLE INITIALLY DEFERRED;


--
-- Name: users_user_groups users_user_groups_group_id_9afc8d0e_fk_auth_group_id; Type: FK CONSTRAINT; Schema: public; Owner: goncalosousa
--

ALTER TABLE ONLY public.users_user_groups
    ADD CONSTRAINT users_user_groups_group_id_9afc8d0e_fk_auth_group_id FOREIGN KEY (group_id) REFERENCES public.auth_group(id) DEFERRABLE INITIALLY DEFERRED;


--
-- Name: users_user_groups users_user_groups_user_id_5f6f5a90_fk_users_user_id; Type: FK CONSTRAINT; Schema: public; Owner: goncalosousa
--

ALTER TABLE ONLY public.users_user_groups
    ADD CONSTRAINT users_user_groups_user_id_5f6f5a90_fk_users_user_id FOREIGN KEY (user_id) REFERENCES public.users_user(id) DEFERRABLE INITIALLY DEFERRED;


--
-- Name: users_user_user_permissions users_user_user_perm_permission_id_0b93982e_fk_auth_perm; Type: FK CONSTRAINT; Schema: public; Owner: goncalosousa
--

ALTER TABLE ONLY public.users_user_user_permissions
    ADD CONSTRAINT users_user_user_perm_permission_id_0b93982e_fk_auth_perm FOREIGN KEY (permission_id) REFERENCES public.auth_permission(id) DEFERRABLE INITIALLY DEFERRED;


--
-- Name: users_user_user_permissions users_user_user_permissions_user_id_20aca447_fk_users_user_id; Type: FK CONSTRAINT; Schema: public; Owner: goncalosousa
--

ALTER TABLE ONLY public.users_user_user_permissions
    ADD CONSTRAINT users_user_user_permissions_user_id_20aca447_fk_users_user_id FOREIGN KEY (user_id) REFERENCES public.users_user(id) DEFERRABLE INITIALLY DEFERRED;


--
-- Name: wagtailcore_collectionviewrestriction wagtailcore_collecti_collection_id_761908ec_fk_wagtailco; Type: FK CONSTRAINT; Schema: public; Owner: goncalosousa
--

ALTER TABLE ONLY public.wagtailcore_collectionviewrestriction
    ADD CONSTRAINT wagtailcore_collecti_collection_id_761908ec_fk_wagtailco FOREIGN KEY (collection_id) REFERENCES public.wagtailcore_collection(id) DEFERRABLE INITIALLY DEFERRED;


--
-- Name: wagtailcore_collectionviewrestriction_groups wagtailcore_collecti_collectionviewrestri_47320efd_fk_wagtailco; Type: FK CONSTRAINT; Schema: public; Owner: goncalosousa
--

ALTER TABLE ONLY public.wagtailcore_collectionviewrestriction_groups
    ADD CONSTRAINT wagtailcore_collecti_collectionviewrestri_47320efd_fk_wagtailco FOREIGN KEY (collectionviewrestriction_id) REFERENCES public.wagtailcore_collectionviewrestriction(id) DEFERRABLE INITIALLY DEFERRED;


--
-- Name: wagtailcore_collectionviewrestriction_groups wagtailcore_collecti_group_id_1823f2a3_fk_auth_grou; Type: FK CONSTRAINT; Schema: public; Owner: goncalosousa
--

ALTER TABLE ONLY public.wagtailcore_collectionviewrestriction_groups
    ADD CONSTRAINT wagtailcore_collecti_group_id_1823f2a3_fk_auth_grou FOREIGN KEY (group_id) REFERENCES public.auth_group(id) DEFERRABLE INITIALLY DEFERRED;


--
-- Name: wagtailcore_comment wagtailcore_comment_page_id_108444b5_fk_wagtailcore_page_id; Type: FK CONSTRAINT; Schema: public; Owner: goncalosousa
--

ALTER TABLE ONLY public.wagtailcore_comment
    ADD CONSTRAINT wagtailcore_comment_page_id_108444b5_fk_wagtailcore_page_id FOREIGN KEY (page_id) REFERENCES public.wagtailcore_page(id) DEFERRABLE INITIALLY DEFERRED;


--
-- Name: wagtailcore_comment wagtailcore_comment_resolved_by_id_a282aa0e_fk_users_user_id; Type: FK CONSTRAINT; Schema: public; Owner: goncalosousa
--

ALTER TABLE ONLY public.wagtailcore_comment
    ADD CONSTRAINT wagtailcore_comment_resolved_by_id_a282aa0e_fk_users_user_id FOREIGN KEY (resolved_by_id) REFERENCES public.users_user(id) DEFERRABLE INITIALLY DEFERRED;


--
-- Name: wagtailcore_comment wagtailcore_comment_revision_created_id_1d058279_fk_wagtailco; Type: FK CONSTRAINT; Schema: public; Owner: goncalosousa
--

ALTER TABLE ONLY public.wagtailcore_comment
    ADD CONSTRAINT wagtailcore_comment_revision_created_id_1d058279_fk_wagtailco FOREIGN KEY (revision_created_id) REFERENCES public.wagtailcore_revision(id) DEFERRABLE INITIALLY DEFERRED;


--
-- Name: wagtailcore_comment wagtailcore_comment_user_id_0c577ca6_fk_users_user_id; Type: FK CONSTRAINT; Schema: public; Owner: goncalosousa
--

ALTER TABLE ONLY public.wagtailcore_comment
    ADD CONSTRAINT wagtailcore_comment_user_id_0c577ca6_fk_users_user_id FOREIGN KEY (user_id) REFERENCES public.users_user(id) DEFERRABLE INITIALLY DEFERRED;


--
-- Name: wagtailcore_commentreply wagtailcore_commentr_comment_id_afc7e027_fk_wagtailco; Type: FK CONSTRAINT; Schema: public; Owner: goncalosousa
--

ALTER TABLE ONLY public.wagtailcore_commentreply
    ADD CONSTRAINT wagtailcore_commentr_comment_id_afc7e027_fk_wagtailco FOREIGN KEY (comment_id) REFERENCES public.wagtailcore_comment(id) DEFERRABLE INITIALLY DEFERRED;


--
-- Name: wagtailcore_commentreply wagtailcore_commentreply_user_id_d0b3b9c3_fk_users_user_id; Type: FK CONSTRAINT; Schema: public; Owner: goncalosousa
--

ALTER TABLE ONLY public.wagtailcore_commentreply
    ADD CONSTRAINT wagtailcore_commentreply_user_id_d0b3b9c3_fk_users_user_id FOREIGN KEY (user_id) REFERENCES public.users_user(id) DEFERRABLE INITIALLY DEFERRED;


--
-- Name: wagtailcore_groupapprovaltask_groups wagtailcore_groupapp_group_id_2e64b61f_fk_auth_grou; Type: FK CONSTRAINT; Schema: public; Owner: goncalosousa
--

ALTER TABLE ONLY public.wagtailcore_groupapprovaltask_groups
    ADD CONSTRAINT wagtailcore_groupapp_group_id_2e64b61f_fk_auth_grou FOREIGN KEY (group_id) REFERENCES public.auth_group(id) DEFERRABLE INITIALLY DEFERRED;


--
-- Name: wagtailcore_groupapprovaltask_groups wagtailcore_groupapp_groupapprovaltask_id_9a9255ea_fk_wagtailco; Type: FK CONSTRAINT; Schema: public; Owner: goncalosousa
--

ALTER TABLE ONLY public.wagtailcore_groupapprovaltask_groups
    ADD CONSTRAINT wagtailcore_groupapp_groupapprovaltask_id_9a9255ea_fk_wagtailco FOREIGN KEY (groupapprovaltask_id) REFERENCES public.wagtailcore_groupapprovaltask(task_ptr_id) DEFERRABLE INITIALLY DEFERRED;


--
-- Name: wagtailcore_groupapprovaltask wagtailcore_groupapp_task_ptr_id_cfe58781_fk_wagtailco; Type: FK CONSTRAINT; Schema: public; Owner: goncalosousa
--

ALTER TABLE ONLY public.wagtailcore_groupapprovaltask
    ADD CONSTRAINT wagtailcore_groupapp_task_ptr_id_cfe58781_fk_wagtailco FOREIGN KEY (task_ptr_id) REFERENCES public.wagtailcore_task(id) DEFERRABLE INITIALLY DEFERRED;


--
-- Name: wagtailcore_groupcollectionpermission wagtailcore_groupcol_collection_id_5423575a_fk_wagtailco; Type: FK CONSTRAINT; Schema: public; Owner: goncalosousa
--

ALTER TABLE ONLY public.wagtailcore_groupcollectionpermission
    ADD CONSTRAINT wagtailcore_groupcol_collection_id_5423575a_fk_wagtailco FOREIGN KEY (collection_id) REFERENCES public.wagtailcore_collection(id) DEFERRABLE INITIALLY DEFERRED;


--
-- Name: wagtailcore_groupcollectionpermission wagtailcore_groupcol_group_id_05d61460_fk_auth_grou; Type: FK CONSTRAINT; Schema: public; Owner: goncalosousa
--

ALTER TABLE ONLY public.wagtailcore_groupcollectionpermission
    ADD CONSTRAINT wagtailcore_groupcol_group_id_05d61460_fk_auth_grou FOREIGN KEY (group_id) REFERENCES public.auth_group(id) DEFERRABLE INITIALLY DEFERRED;


--
-- Name: wagtailcore_groupcollectionpermission wagtailcore_groupcol_permission_id_1b626275_fk_auth_perm; Type: FK CONSTRAINT; Schema: public; Owner: goncalosousa
--

ALTER TABLE ONLY public.wagtailcore_groupcollectionpermission
    ADD CONSTRAINT wagtailcore_groupcol_permission_id_1b626275_fk_auth_perm FOREIGN KEY (permission_id) REFERENCES public.auth_permission(id) DEFERRABLE INITIALLY DEFERRED;


--
-- Name: wagtailcore_grouppagepermission wagtailcore_grouppag_group_id_fc07e671_fk_auth_grou; Type: FK CONSTRAINT; Schema: public; Owner: goncalosousa
--

ALTER TABLE ONLY public.wagtailcore_grouppagepermission
    ADD CONSTRAINT wagtailcore_grouppag_group_id_fc07e671_fk_auth_grou FOREIGN KEY (group_id) REFERENCES public.auth_group(id) DEFERRABLE INITIALLY DEFERRED;


--
-- Name: wagtailcore_grouppagepermission wagtailcore_grouppag_page_id_710b114a_fk_wagtailco; Type: FK CONSTRAINT; Schema: public; Owner: goncalosousa
--

ALTER TABLE ONLY public.wagtailcore_grouppagepermission
    ADD CONSTRAINT wagtailcore_grouppag_page_id_710b114a_fk_wagtailco FOREIGN KEY (page_id) REFERENCES public.wagtailcore_page(id) DEFERRABLE INITIALLY DEFERRED;


--
-- Name: wagtailcore_grouppagepermission wagtailcore_grouppag_permission_id_05acb22e_fk_auth_perm; Type: FK CONSTRAINT; Schema: public; Owner: goncalosousa
--

ALTER TABLE ONLY public.wagtailcore_grouppagepermission
    ADD CONSTRAINT wagtailcore_grouppag_permission_id_05acb22e_fk_auth_perm FOREIGN KEY (permission_id) REFERENCES public.auth_permission(id) DEFERRABLE INITIALLY DEFERRED;


--
-- Name: wagtailcore_modellogentry wagtailcore_modellog_content_type_id_68849e77_fk_django_co; Type: FK CONSTRAINT; Schema: public; Owner: goncalosousa
--

ALTER TABLE ONLY public.wagtailcore_modellogentry
    ADD CONSTRAINT wagtailcore_modellog_content_type_id_68849e77_fk_django_co FOREIGN KEY (content_type_id) REFERENCES public.django_content_type(id) DEFERRABLE INITIALLY DEFERRED;


--
-- Name: wagtailcore_page wagtailcore_page_alias_of_id_12945502_fk_wagtailcore_page_id; Type: FK CONSTRAINT; Schema: public; Owner: goncalosousa
--

ALTER TABLE ONLY public.wagtailcore_page
    ADD CONSTRAINT wagtailcore_page_alias_of_id_12945502_fk_wagtailcore_page_id FOREIGN KEY (alias_of_id) REFERENCES public.wagtailcore_page(id) DEFERRABLE INITIALLY DEFERRED;


--
-- Name: wagtailcore_page wagtailcore_page_content_type_id_c28424df_fk_django_co; Type: FK CONSTRAINT; Schema: public; Owner: goncalosousa
--

ALTER TABLE ONLY public.wagtailcore_page
    ADD CONSTRAINT wagtailcore_page_content_type_id_c28424df_fk_django_co FOREIGN KEY (content_type_id) REFERENCES public.django_content_type(id) DEFERRABLE INITIALLY DEFERRED;


--
-- Name: wagtailcore_page wagtailcore_page_latest_revision_id_e60fef51_fk_wagtailco; Type: FK CONSTRAINT; Schema: public; Owner: goncalosousa
--

ALTER TABLE ONLY public.wagtailcore_page
    ADD CONSTRAINT wagtailcore_page_latest_revision_id_e60fef51_fk_wagtailco FOREIGN KEY (latest_revision_id) REFERENCES public.wagtailcore_revision(id) DEFERRABLE INITIALLY DEFERRED;


--
-- Name: wagtailcore_page wagtailcore_page_live_revision_id_930bd822_fk_wagtailco; Type: FK CONSTRAINT; Schema: public; Owner: goncalosousa
--

ALTER TABLE ONLY public.wagtailcore_page
    ADD CONSTRAINT wagtailcore_page_live_revision_id_930bd822_fk_wagtailco FOREIGN KEY (live_revision_id) REFERENCES public.wagtailcore_revision(id) DEFERRABLE INITIALLY DEFERRED;


--
-- Name: wagtailcore_page wagtailcore_page_locale_id_3c7e30a6_fk_wagtailcore_locale_id; Type: FK CONSTRAINT; Schema: public; Owner: goncalosousa
--

ALTER TABLE ONLY public.wagtailcore_page
    ADD CONSTRAINT wagtailcore_page_locale_id_3c7e30a6_fk_wagtailcore_locale_id FOREIGN KEY (locale_id) REFERENCES public.wagtailcore_locale(id) DEFERRABLE INITIALLY DEFERRED;


--
-- Name: wagtailcore_page wagtailcore_page_locked_by_id_bcb86245_fk_users_user_id; Type: FK CONSTRAINT; Schema: public; Owner: goncalosousa
--

ALTER TABLE ONLY public.wagtailcore_page
    ADD CONSTRAINT wagtailcore_page_locked_by_id_bcb86245_fk_users_user_id FOREIGN KEY (locked_by_id) REFERENCES public.users_user(id) DEFERRABLE INITIALLY DEFERRED;


--
-- Name: wagtailcore_page wagtailcore_page_owner_id_fbf7c332_fk_users_user_id; Type: FK CONSTRAINT; Schema: public; Owner: goncalosousa
--

ALTER TABLE ONLY public.wagtailcore_page
    ADD CONSTRAINT wagtailcore_page_owner_id_fbf7c332_fk_users_user_id FOREIGN KEY (owner_id) REFERENCES public.users_user(id) DEFERRABLE INITIALLY DEFERRED;


--
-- Name: wagtailcore_pagelogentry wagtailcore_pageloge_content_type_id_74e7708a_fk_django_co; Type: FK CONSTRAINT; Schema: public; Owner: goncalosousa
--

ALTER TABLE ONLY public.wagtailcore_pagelogentry
    ADD CONSTRAINT wagtailcore_pageloge_content_type_id_74e7708a_fk_django_co FOREIGN KEY (content_type_id) REFERENCES public.django_content_type(id) DEFERRABLE INITIALLY DEFERRED;


--
-- Name: wagtailcore_revision wagtailcore_pagerevision_user_id_2409d2f4_fk_users_user_id; Type: FK CONSTRAINT; Schema: public; Owner: goncalosousa
--

ALTER TABLE ONLY public.wagtailcore_revision
    ADD CONSTRAINT wagtailcore_pagerevision_user_id_2409d2f4_fk_users_user_id FOREIGN KEY (user_id) REFERENCES public.users_user(id) DEFERRABLE INITIALLY DEFERRED;


--
-- Name: wagtailcore_pagesubscription wagtailcore_pagesubs_page_id_a085e7a6_fk_wagtailco; Type: FK CONSTRAINT; Schema: public; Owner: goncalosousa
--

ALTER TABLE ONLY public.wagtailcore_pagesubscription
    ADD CONSTRAINT wagtailcore_pagesubs_page_id_a085e7a6_fk_wagtailco FOREIGN KEY (page_id) REFERENCES public.wagtailcore_page(id) DEFERRABLE INITIALLY DEFERRED;


--
-- Name: wagtailcore_pagesubscription wagtailcore_pagesubscription_user_id_89d7def9_fk_users_user_id; Type: FK CONSTRAINT; Schema: public; Owner: goncalosousa
--

ALTER TABLE ONLY public.wagtailcore_pagesubscription
    ADD CONSTRAINT wagtailcore_pagesubscription_user_id_89d7def9_fk_users_user_id FOREIGN KEY (user_id) REFERENCES public.users_user(id) DEFERRABLE INITIALLY DEFERRED;


--
-- Name: wagtailcore_pageviewrestriction_groups wagtailcore_pageview_group_id_6460f223_fk_auth_grou; Type: FK CONSTRAINT; Schema: public; Owner: goncalosousa
--

ALTER TABLE ONLY public.wagtailcore_pageviewrestriction_groups
    ADD CONSTRAINT wagtailcore_pageview_group_id_6460f223_fk_auth_grou FOREIGN KEY (group_id) REFERENCES public.auth_group(id) DEFERRABLE INITIALLY DEFERRED;


--
-- Name: wagtailcore_pageviewrestriction wagtailcore_pageview_page_id_15a8bea6_fk_wagtailco; Type: FK CONSTRAINT; Schema: public; Owner: goncalosousa
--

ALTER TABLE ONLY public.wagtailcore_pageviewrestriction
    ADD CONSTRAINT wagtailcore_pageview_page_id_15a8bea6_fk_wagtailco FOREIGN KEY (page_id) REFERENCES public.wagtailcore_page(id) DEFERRABLE INITIALLY DEFERRED;


--
-- Name: wagtailcore_pageviewrestriction_groups wagtailcore_pageview_pageviewrestriction__f147a99a_fk_wagtailco; Type: FK CONSTRAINT; Schema: public; Owner: goncalosousa
--

ALTER TABLE ONLY public.wagtailcore_pageviewrestriction_groups
    ADD CONSTRAINT wagtailcore_pageview_pageviewrestriction__f147a99a_fk_wagtailco FOREIGN KEY (pageviewrestriction_id) REFERENCES public.wagtailcore_pageviewrestriction(id) DEFERRABLE INITIALLY DEFERRED;


--
-- Name: wagtailcore_referenceindex wagtailcore_referenc_base_content_type_id_313cf40f_fk_django_co; Type: FK CONSTRAINT; Schema: public; Owner: goncalosousa
--

ALTER TABLE ONLY public.wagtailcore_referenceindex
    ADD CONSTRAINT wagtailcore_referenc_base_content_type_id_313cf40f_fk_django_co FOREIGN KEY (base_content_type_id) REFERENCES public.django_content_type(id) DEFERRABLE INITIALLY DEFERRED;


--
-- Name: wagtailcore_referenceindex wagtailcore_referenc_content_type_id_766e0336_fk_django_co; Type: FK CONSTRAINT; Schema: public; Owner: goncalosousa
--

ALTER TABLE ONLY public.wagtailcore_referenceindex
    ADD CONSTRAINT wagtailcore_referenc_content_type_id_766e0336_fk_django_co FOREIGN KEY (content_type_id) REFERENCES public.django_content_type(id) DEFERRABLE INITIALLY DEFERRED;


--
-- Name: wagtailcore_referenceindex wagtailcore_referenc_to_content_type_id_93690bbd_fk_django_co; Type: FK CONSTRAINT; Schema: public; Owner: goncalosousa
--

ALTER TABLE ONLY public.wagtailcore_referenceindex
    ADD CONSTRAINT wagtailcore_referenc_to_content_type_id_93690bbd_fk_django_co FOREIGN KEY (to_content_type_id) REFERENCES public.django_content_type(id) DEFERRABLE INITIALLY DEFERRED;


--
-- Name: wagtailcore_revision wagtailcore_revision_base_content_type_id_5b4ef7bd_fk_django_co; Type: FK CONSTRAINT; Schema: public; Owner: goncalosousa
--

ALTER TABLE ONLY public.wagtailcore_revision
    ADD CONSTRAINT wagtailcore_revision_base_content_type_id_5b4ef7bd_fk_django_co FOREIGN KEY (base_content_type_id) REFERENCES public.django_content_type(id) DEFERRABLE INITIALLY DEFERRED;


--
-- Name: wagtailcore_revision wagtailcore_revision_content_type_id_c8cb69c0_fk_django_co; Type: FK CONSTRAINT; Schema: public; Owner: goncalosousa
--

ALTER TABLE ONLY public.wagtailcore_revision
    ADD CONSTRAINT wagtailcore_revision_content_type_id_c8cb69c0_fk_django_co FOREIGN KEY (content_type_id) REFERENCES public.django_content_type(id) DEFERRABLE INITIALLY DEFERRED;


--
-- Name: wagtailcore_site wagtailcore_site_root_page_id_e02fb95c_fk_wagtailcore_page_id; Type: FK CONSTRAINT; Schema: public; Owner: goncalosousa
--

ALTER TABLE ONLY public.wagtailcore_site
    ADD CONSTRAINT wagtailcore_site_root_page_id_e02fb95c_fk_wagtailcore_page_id FOREIGN KEY (root_page_id) REFERENCES public.wagtailcore_page(id) DEFERRABLE INITIALLY DEFERRED;


--
-- Name: wagtailcore_task wagtailcore_task_content_type_id_249ab8ba_fk_django_co; Type: FK CONSTRAINT; Schema: public; Owner: goncalosousa
--

ALTER TABLE ONLY public.wagtailcore_task
    ADD CONSTRAINT wagtailcore_task_content_type_id_249ab8ba_fk_django_co FOREIGN KEY (content_type_id) REFERENCES public.django_content_type(id) DEFERRABLE INITIALLY DEFERRED;


--
-- Name: wagtailcore_taskstate wagtailcore_taskstat_content_type_id_0a758fdc_fk_django_co; Type: FK CONSTRAINT; Schema: public; Owner: goncalosousa
--

ALTER TABLE ONLY public.wagtailcore_taskstate
    ADD CONSTRAINT wagtailcore_taskstat_content_type_id_0a758fdc_fk_django_co FOREIGN KEY (content_type_id) REFERENCES public.django_content_type(id) DEFERRABLE INITIALLY DEFERRED;


--
-- Name: wagtailcore_taskstate wagtailcore_taskstat_revision_id_df25a499_fk_wagtailco; Type: FK CONSTRAINT; Schema: public; Owner: goncalosousa
--

ALTER TABLE ONLY public.wagtailcore_taskstate
    ADD CONSTRAINT wagtailcore_taskstat_revision_id_df25a499_fk_wagtailco FOREIGN KEY (revision_id) REFERENCES public.wagtailcore_revision(id) DEFERRABLE INITIALLY DEFERRED;


--
-- Name: wagtailcore_taskstate wagtailcore_taskstat_workflow_state_id_9239a775_fk_wagtailco; Type: FK CONSTRAINT; Schema: public; Owner: goncalosousa
--

ALTER TABLE ONLY public.wagtailcore_taskstate
    ADD CONSTRAINT wagtailcore_taskstat_workflow_state_id_9239a775_fk_wagtailco FOREIGN KEY (workflow_state_id) REFERENCES public.wagtailcore_workflowstate(id) DEFERRABLE INITIALLY DEFERRED;


--
-- Name: wagtailcore_taskstate wagtailcore_taskstate_finished_by_id_13f98229_fk_users_user_id; Type: FK CONSTRAINT; Schema: public; Owner: goncalosousa
--

ALTER TABLE ONLY public.wagtailcore_taskstate
    ADD CONSTRAINT wagtailcore_taskstate_finished_by_id_13f98229_fk_users_user_id FOREIGN KEY (finished_by_id) REFERENCES public.users_user(id) DEFERRABLE INITIALLY DEFERRED;


--
-- Name: wagtailcore_taskstate wagtailcore_taskstate_task_id_c3677c34_fk_wagtailcore_task_id; Type: FK CONSTRAINT; Schema: public; Owner: goncalosousa
--

ALTER TABLE ONLY public.wagtailcore_taskstate
    ADD CONSTRAINT wagtailcore_taskstate_task_id_c3677c34_fk_wagtailcore_task_id FOREIGN KEY (task_id) REFERENCES public.wagtailcore_task(id) DEFERRABLE INITIALLY DEFERRED;


--
-- Name: wagtailcore_workflowstate wagtailcore_workflow_base_content_type_id_a30dc576_fk_django_co; Type: FK CONSTRAINT; Schema: public; Owner: goncalosousa
--

ALTER TABLE ONLY public.wagtailcore_workflowstate
    ADD CONSTRAINT wagtailcore_workflow_base_content_type_id_a30dc576_fk_django_co FOREIGN KEY (base_content_type_id) REFERENCES public.django_content_type(id) DEFERRABLE INITIALLY DEFERRED;


--
-- Name: wagtailcore_workflowstate wagtailcore_workflow_content_type_id_2bb78ce1_fk_django_co; Type: FK CONSTRAINT; Schema: public; Owner: goncalosousa
--

ALTER TABLE ONLY public.wagtailcore_workflowstate
    ADD CONSTRAINT wagtailcore_workflow_content_type_id_2bb78ce1_fk_django_co FOREIGN KEY (content_type_id) REFERENCES public.django_content_type(id) DEFERRABLE INITIALLY DEFERRED;


--
-- Name: wagtailcore_workflowcontenttype wagtailcore_workflow_content_type_id_b261bb37_fk_django_co; Type: FK CONSTRAINT; Schema: public; Owner: goncalosousa
--

ALTER TABLE ONLY public.wagtailcore_workflowcontenttype
    ADD CONSTRAINT wagtailcore_workflow_content_type_id_b261bb37_fk_django_co FOREIGN KEY (content_type_id) REFERENCES public.django_content_type(id) DEFERRABLE INITIALLY DEFERRED;


--
-- Name: wagtailcore_workflowstate wagtailcore_workflow_current_task_state_i_3a1a0632_fk_wagtailco; Type: FK CONSTRAINT; Schema: public; Owner: goncalosousa
--

ALTER TABLE ONLY public.wagtailcore_workflowstate
    ADD CONSTRAINT wagtailcore_workflow_current_task_state_i_3a1a0632_fk_wagtailco FOREIGN KEY (current_task_state_id) REFERENCES public.wagtailcore_taskstate(id) DEFERRABLE INITIALLY DEFERRED;


--
-- Name: wagtailcore_workflowpage wagtailcore_workflow_page_id_81e7bab6_fk_wagtailco; Type: FK CONSTRAINT; Schema: public; Owner: goncalosousa
--

ALTER TABLE ONLY public.wagtailcore_workflowpage
    ADD CONSTRAINT wagtailcore_workflow_page_id_81e7bab6_fk_wagtailco FOREIGN KEY (page_id) REFERENCES public.wagtailcore_page(id) DEFERRABLE INITIALLY DEFERRED;


--
-- Name: wagtailcore_workflowstate wagtailcore_workflow_requested_by_id_4090bca3_fk_users_use; Type: FK CONSTRAINT; Schema: public; Owner: goncalosousa
--

ALTER TABLE ONLY public.wagtailcore_workflowstate
    ADD CONSTRAINT wagtailcore_workflow_requested_by_id_4090bca3_fk_users_use FOREIGN KEY (requested_by_id) REFERENCES public.users_user(id) DEFERRABLE INITIALLY DEFERRED;


--
-- Name: wagtailcore_workflowtask wagtailcore_workflow_task_id_ce7716fe_fk_wagtailco; Type: FK CONSTRAINT; Schema: public; Owner: goncalosousa
--

ALTER TABLE ONLY public.wagtailcore_workflowtask
    ADD CONSTRAINT wagtailcore_workflow_task_id_ce7716fe_fk_wagtailco FOREIGN KEY (task_id) REFERENCES public.wagtailcore_task(id) DEFERRABLE INITIALLY DEFERRED;


--
-- Name: wagtailcore_workflowstate wagtailcore_workflow_workflow_id_1f18378f_fk_wagtailco; Type: FK CONSTRAINT; Schema: public; Owner: goncalosousa
--

ALTER TABLE ONLY public.wagtailcore_workflowstate
    ADD CONSTRAINT wagtailcore_workflow_workflow_id_1f18378f_fk_wagtailco FOREIGN KEY (workflow_id) REFERENCES public.wagtailcore_workflow(id) DEFERRABLE INITIALLY DEFERRED;


--
-- Name: wagtailcore_workflowpage wagtailcore_workflow_workflow_id_56f56ff6_fk_wagtailco; Type: FK CONSTRAINT; Schema: public; Owner: goncalosousa
--

ALTER TABLE ONLY public.wagtailcore_workflowpage
    ADD CONSTRAINT wagtailcore_workflow_workflow_id_56f56ff6_fk_wagtailco FOREIGN KEY (workflow_id) REFERENCES public.wagtailcore_workflow(id) DEFERRABLE INITIALLY DEFERRED;


--
-- Name: wagtailcore_workflowcontenttype wagtailcore_workflow_workflow_id_9aad7cd2_fk_wagtailco; Type: FK CONSTRAINT; Schema: public; Owner: goncalosousa
--

ALTER TABLE ONLY public.wagtailcore_workflowcontenttype
    ADD CONSTRAINT wagtailcore_workflow_workflow_id_9aad7cd2_fk_wagtailco FOREIGN KEY (workflow_id) REFERENCES public.wagtailcore_workflow(id) DEFERRABLE INITIALLY DEFERRED;


--
-- Name: wagtailcore_workflowtask wagtailcore_workflow_workflow_id_b9717175_fk_wagtailco; Type: FK CONSTRAINT; Schema: public; Owner: goncalosousa
--

ALTER TABLE ONLY public.wagtailcore_workflowtask
    ADD CONSTRAINT wagtailcore_workflow_workflow_id_b9717175_fk_wagtailco FOREIGN KEY (workflow_id) REFERENCES public.wagtailcore_workflow(id) DEFERRABLE INITIALLY DEFERRED;


--
-- Name: wagtaildocs_document wagtaildocs_document_collection_id_23881625_fk_wagtailco; Type: FK CONSTRAINT; Schema: public; Owner: goncalosousa
--

ALTER TABLE ONLY public.wagtaildocs_document
    ADD CONSTRAINT wagtaildocs_document_collection_id_23881625_fk_wagtailco FOREIGN KEY (collection_id) REFERENCES public.wagtailcore_collection(id) DEFERRABLE INITIALLY DEFERRED;


--
-- Name: wagtaildocs_document wagtaildocs_document_uploaded_by_user_id_17258b41_fk_users_use; Type: FK CONSTRAINT; Schema: public; Owner: goncalosousa
--

ALTER TABLE ONLY public.wagtaildocs_document
    ADD CONSTRAINT wagtaildocs_document_uploaded_by_user_id_17258b41_fk_users_use FOREIGN KEY (uploaded_by_user_id) REFERENCES public.users_user(id) DEFERRABLE INITIALLY DEFERRED;


--
-- Name: wagtaildocs_uploadeddocument wagtaildocs_uploaded_uploaded_by_user_id_8dd61a73_fk_users_use; Type: FK CONSTRAINT; Schema: public; Owner: goncalosousa
--

ALTER TABLE ONLY public.wagtaildocs_uploadeddocument
    ADD CONSTRAINT wagtaildocs_uploaded_uploaded_by_user_id_8dd61a73_fk_users_use FOREIGN KEY (uploaded_by_user_id) REFERENCES public.users_user(id) DEFERRABLE INITIALLY DEFERRED;


--
-- Name: wagtailforms_formsubmission wagtailforms_formsub_page_id_e48e93e7_fk_wagtailco; Type: FK CONSTRAINT; Schema: public; Owner: goncalosousa
--

ALTER TABLE ONLY public.wagtailforms_formsubmission
    ADD CONSTRAINT wagtailforms_formsub_page_id_e48e93e7_fk_wagtailco FOREIGN KEY (page_id) REFERENCES public.wagtailcore_page(id) DEFERRABLE INITIALLY DEFERRED;


--
-- Name: wagtailimages_image wagtailimages_image_collection_id_c2f8af7e_fk_wagtailco; Type: FK CONSTRAINT; Schema: public; Owner: goncalosousa
--

ALTER TABLE ONLY public.wagtailimages_image
    ADD CONSTRAINT wagtailimages_image_collection_id_c2f8af7e_fk_wagtailco FOREIGN KEY (collection_id) REFERENCES public.wagtailcore_collection(id) DEFERRABLE INITIALLY DEFERRED;


--
-- Name: wagtailimages_image wagtailimages_image_uploaded_by_user_id_5d73dc75_fk_users_use; Type: FK CONSTRAINT; Schema: public; Owner: goncalosousa
--

ALTER TABLE ONLY public.wagtailimages_image
    ADD CONSTRAINT wagtailimages_image_uploaded_by_user_id_5d73dc75_fk_users_use FOREIGN KEY (uploaded_by_user_id) REFERENCES public.users_user(id) DEFERRABLE INITIALLY DEFERRED;


--
-- Name: wagtailimages_rendition wagtailimages_rendit_image_id_3e1fd774_fk_wagtailim; Type: FK CONSTRAINT; Schema: public; Owner: goncalosousa
--

ALTER TABLE ONLY public.wagtailimages_rendition
    ADD CONSTRAINT wagtailimages_rendit_image_id_3e1fd774_fk_wagtailim FOREIGN KEY (image_id) REFERENCES public.wagtailimages_image(id) DEFERRABLE INITIALLY DEFERRED;


--
-- Name: wagtailimages_uploadedimage wagtailimages_upload_uploaded_by_user_id_85921689_fk_users_use; Type: FK CONSTRAINT; Schema: public; Owner: goncalosousa
--

ALTER TABLE ONLY public.wagtailimages_uploadedimage
    ADD CONSTRAINT wagtailimages_upload_uploaded_by_user_id_85921689_fk_users_use FOREIGN KEY (uploaded_by_user_id) REFERENCES public.users_user(id) DEFERRABLE INITIALLY DEFERRED;


--
-- Name: wagtailmenus_flatmenuitem wagtailmenus_flatmen_link_page_id_36779c0f_fk_wagtailco; Type: FK CONSTRAINT; Schema: public; Owner: goncalosousa
--

ALTER TABLE ONLY public.wagtailmenus_flatmenuitem
    ADD CONSTRAINT wagtailmenus_flatmen_link_page_id_36779c0f_fk_wagtailco FOREIGN KEY (link_page_id) REFERENCES public.wagtailcore_page(id) DEFERRABLE INITIALLY DEFERRED;


--
-- Name: wagtailmenus_flatmenuitem wagtailmenus_flatmen_menu_id_757c39da_fk_wagtailme; Type: FK CONSTRAINT; Schema: public; Owner: goncalosousa
--

ALTER TABLE ONLY public.wagtailmenus_flatmenuitem
    ADD CONSTRAINT wagtailmenus_flatmen_menu_id_757c39da_fk_wagtailme FOREIGN KEY (menu_id) REFERENCES public.wagtailmenus_flatmenu(id) DEFERRABLE INITIALLY DEFERRED;


--
-- Name: wagtailmenus_flatmenu wagtailmenus_flatmenu_site_id_516a598d_fk_wagtailcore_site_id; Type: FK CONSTRAINT; Schema: public; Owner: goncalosousa
--

ALTER TABLE ONLY public.wagtailmenus_flatmenu
    ADD CONSTRAINT wagtailmenus_flatmenu_site_id_516a598d_fk_wagtailcore_site_id FOREIGN KEY (site_id) REFERENCES public.wagtailcore_site(id) DEFERRABLE INITIALLY DEFERRED;


--
-- Name: wagtailmenus_mainmenuitem wagtailmenus_mainmen_link_page_id_208a4a4d_fk_wagtailco; Type: FK CONSTRAINT; Schema: public; Owner: goncalosousa
--

ALTER TABLE ONLY public.wagtailmenus_mainmenuitem
    ADD CONSTRAINT wagtailmenus_mainmen_link_page_id_208a4a4d_fk_wagtailco FOREIGN KEY (link_page_id) REFERENCES public.wagtailcore_page(id) DEFERRABLE INITIALLY DEFERRED;


--
-- Name: wagtailmenus_mainmenuitem wagtailmenus_mainmen_menu_id_6505d4c4_fk_wagtailme; Type: FK CONSTRAINT; Schema: public; Owner: goncalosousa
--

ALTER TABLE ONLY public.wagtailmenus_mainmenuitem
    ADD CONSTRAINT wagtailmenus_mainmen_menu_id_6505d4c4_fk_wagtailme FOREIGN KEY (menu_id) REFERENCES public.wagtailmenus_mainmenu(id) DEFERRABLE INITIALLY DEFERRED;


--
-- Name: wagtailmenus_mainmenu wagtailmenus_mainmenu_site_id_84b0fde4_fk_wagtailcore_site_id; Type: FK CONSTRAINT; Schema: public; Owner: goncalosousa
--

ALTER TABLE ONLY public.wagtailmenus_mainmenu
    ADD CONSTRAINT wagtailmenus_mainmenu_site_id_84b0fde4_fk_wagtailcore_site_id FOREIGN KEY (site_id) REFERENCES public.wagtailcore_site(id) DEFERRABLE INITIALLY DEFERRED;


--
-- Name: wagtailredirects_redirect wagtailredirects_red_redirect_page_id_b5728a8f_fk_wagtailco; Type: FK CONSTRAINT; Schema: public; Owner: goncalosousa
--

ALTER TABLE ONLY public.wagtailredirects_redirect
    ADD CONSTRAINT wagtailredirects_red_redirect_page_id_b5728a8f_fk_wagtailco FOREIGN KEY (redirect_page_id) REFERENCES public.wagtailcore_page(id) DEFERRABLE INITIALLY DEFERRED;


--
-- Name: wagtailredirects_redirect wagtailredirects_red_site_id_780a0e1e_fk_wagtailco; Type: FK CONSTRAINT; Schema: public; Owner: goncalosousa
--

ALTER TABLE ONLY public.wagtailredirects_redirect
    ADD CONSTRAINT wagtailredirects_red_site_id_780a0e1e_fk_wagtailco FOREIGN KEY (site_id) REFERENCES public.wagtailcore_site(id) DEFERRABLE INITIALLY DEFERRED;


--
-- Name: wagtailsearch_indexentry wagtailsearch_indexe_content_type_id_62ed694f_fk_django_co; Type: FK CONSTRAINT; Schema: public; Owner: goncalosousa
--

ALTER TABLE ONLY public.wagtailsearch_indexentry
    ADD CONSTRAINT wagtailsearch_indexe_content_type_id_62ed694f_fk_django_co FOREIGN KEY (content_type_id) REFERENCES public.django_content_type(id) DEFERRABLE INITIALLY DEFERRED;


--
-- Name: wagtailsearch_querydailyhits wagtailsearch_queryd_query_id_2185994b_fk_wagtailse; Type: FK CONSTRAINT; Schema: public; Owner: goncalosousa
--

ALTER TABLE ONLY public.wagtailsearch_querydailyhits
    ADD CONSTRAINT wagtailsearch_queryd_query_id_2185994b_fk_wagtailse FOREIGN KEY (query_id) REFERENCES public.wagtailsearch_query(id) DEFERRABLE INITIALLY DEFERRED;


--
-- Name: wagtailusers_userprofile wagtailusers_userprofile_user_id_59c92331_fk_users_user_id; Type: FK CONSTRAINT; Schema: public; Owner: goncalosousa
--

ALTER TABLE ONLY public.wagtailusers_userprofile
    ADD CONSTRAINT wagtailusers_userprofile_user_id_59c92331_fk_users_user_id FOREIGN KEY (user_id) REFERENCES public.users_user(id) DEFERRABLE INITIALLY DEFERRED;


--
-- PostgreSQL database dump complete
--

